
smart_Home.elf:     file format elf32-avr

Sections:
Idx Name          Size      VMA       LMA       File off  Algn
  0 .text         00002792  00000000  00000000  00000094  2**1
                  CONTENTS, ALLOC, LOAD, READONLY, CODE
  1 .data         00000150  00800060  00002792  00002826  2**0
                  CONTENTS, ALLOC, LOAD, DATA
  2 .bss          00000003  008001b0  008001b0  00002976  2**0
                  ALLOC
  3 .stab         000026f4  00000000  00000000  00002978  2**2
                  CONTENTS, READONLY, DEBUGGING
  4 .stabstr      00000e8e  00000000  00000000  0000506c  2**0
                  CONTENTS, READONLY, DEBUGGING
  5 .debug_aranges 000001a0  00000000  00000000  00005efa  2**0
                  CONTENTS, READONLY, DEBUGGING
  6 .debug_pubnames 000001f2  00000000  00000000  0000609a  2**0
                  CONTENTS, READONLY, DEBUGGING
  7 .debug_info   0000240b  00000000  00000000  0000628c  2**0
                  CONTENTS, READONLY, DEBUGGING
  8 .debug_abbrev 00001386  00000000  00000000  00008697  2**0
                  CONTENTS, READONLY, DEBUGGING
  9 .debug_line   000011d6  00000000  00000000  00009a1d  2**0
                  CONTENTS, READONLY, DEBUGGING
 10 .debug_frame  000001c0  00000000  00000000  0000abf4  2**2
                  CONTENTS, READONLY, DEBUGGING
 11 .debug_str    000002f6  00000000  00000000  0000adb4  2**0
                  CONTENTS, READONLY, DEBUGGING
 12 .debug_loc    0000096e  00000000  00000000  0000b0aa  2**0
                  CONTENTS, READONLY, DEBUGGING
 13 .debug_ranges 00000050  00000000  00000000  0000ba18  2**0
                  CONTENTS, READONLY, DEBUGGING

Disassembly of section .text:

00000000 <__vectors>:
       0:	0c 94 2a 00 	jmp	0x54	; 0x54 <__ctors_end>
       4:	0c 94 47 00 	jmp	0x8e	; 0x8e <__bad_interrupt>
       8:	0c 94 47 00 	jmp	0x8e	; 0x8e <__bad_interrupt>
       c:	0c 94 47 00 	jmp	0x8e	; 0x8e <__bad_interrupt>
      10:	0c 94 47 00 	jmp	0x8e	; 0x8e <__bad_interrupt>
      14:	0c 94 47 00 	jmp	0x8e	; 0x8e <__bad_interrupt>
      18:	0c 94 47 00 	jmp	0x8e	; 0x8e <__bad_interrupt>
      1c:	0c 94 47 00 	jmp	0x8e	; 0x8e <__bad_interrupt>
      20:	0c 94 47 00 	jmp	0x8e	; 0x8e <__bad_interrupt>
      24:	0c 94 47 00 	jmp	0x8e	; 0x8e <__bad_interrupt>
      28:	0c 94 47 00 	jmp	0x8e	; 0x8e <__bad_interrupt>
      2c:	0c 94 47 00 	jmp	0x8e	; 0x8e <__bad_interrupt>
      30:	0c 94 47 00 	jmp	0x8e	; 0x8e <__bad_interrupt>
      34:	0c 94 47 00 	jmp	0x8e	; 0x8e <__bad_interrupt>
      38:	0c 94 47 00 	jmp	0x8e	; 0x8e <__bad_interrupt>
      3c:	0c 94 47 00 	jmp	0x8e	; 0x8e <__bad_interrupt>
      40:	0c 94 47 00 	jmp	0x8e	; 0x8e <__bad_interrupt>
      44:	0c 94 47 00 	jmp	0x8e	; 0x8e <__bad_interrupt>
      48:	0c 94 47 00 	jmp	0x8e	; 0x8e <__bad_interrupt>
      4c:	0c 94 47 00 	jmp	0x8e	; 0x8e <__bad_interrupt>
      50:	0c 94 47 00 	jmp	0x8e	; 0x8e <__bad_interrupt>

00000054 <__ctors_end>:
      54:	11 24       	eor	r1, r1
      56:	1f be       	out	0x3f, r1	; 63
      58:	cf e5       	ldi	r28, 0x5F	; 95
      5a:	d8 e0       	ldi	r29, 0x08	; 8
      5c:	de bf       	out	0x3e, r29	; 62
      5e:	cd bf       	out	0x3d, r28	; 61

00000060 <__do_copy_data>:
      60:	11 e0       	ldi	r17, 0x01	; 1
      62:	a0 e6       	ldi	r26, 0x60	; 96
      64:	b0 e0       	ldi	r27, 0x00	; 0
      66:	e2 e9       	ldi	r30, 0x92	; 146
      68:	f7 e2       	ldi	r31, 0x27	; 39
      6a:	02 c0       	rjmp	.+4      	; 0x70 <.do_copy_data_start>

0000006c <.do_copy_data_loop>:
      6c:	05 90       	lpm	r0, Z+
      6e:	0d 92       	st	X+, r0

00000070 <.do_copy_data_start>:
      70:	a0 3b       	cpi	r26, 0xB0	; 176
      72:	b1 07       	cpc	r27, r17
      74:	d9 f7       	brne	.-10     	; 0x6c <.do_copy_data_loop>

00000076 <__do_clear_bss>:
      76:	11 e0       	ldi	r17, 0x01	; 1
      78:	a0 eb       	ldi	r26, 0xB0	; 176
      7a:	b1 e0       	ldi	r27, 0x01	; 1
      7c:	01 c0       	rjmp	.+2      	; 0x80 <.do_clear_bss_start>

0000007e <.do_clear_bss_loop>:
      7e:	1d 92       	st	X+, r1

00000080 <.do_clear_bss_start>:
      80:	a3 3b       	cpi	r26, 0xB3	; 179
      82:	b1 07       	cpc	r27, r17
      84:	e1 f7       	brne	.-8      	; 0x7e <.do_clear_bss_loop>
      86:	0e 94 86 07 	call	0xf0c	; 0xf0c <main>
      8a:	0c 94 c7 13 	jmp	0x278e	; 0x278e <_exit>

0000008e <__bad_interrupt>:
      8e:	0c 94 00 00 	jmp	0	; 0x0 <__vectors>

00000092 <__fixunssfsi>:
      92:	ef 92       	push	r14
      94:	ff 92       	push	r15
      96:	0f 93       	push	r16
      98:	1f 93       	push	r17
      9a:	7b 01       	movw	r14, r22
      9c:	8c 01       	movw	r16, r24
      9e:	20 e0       	ldi	r18, 0x00	; 0
      a0:	30 e0       	ldi	r19, 0x00	; 0
      a2:	40 e0       	ldi	r20, 0x00	; 0
      a4:	5f e4       	ldi	r21, 0x4F	; 79
      a6:	0e 94 f5 03 	call	0x7ea	; 0x7ea <__gesf2>
      aa:	88 23       	and	r24, r24
      ac:	8c f0       	brlt	.+34     	; 0xd0 <__fixunssfsi+0x3e>
      ae:	c8 01       	movw	r24, r16
      b0:	b7 01       	movw	r22, r14
      b2:	20 e0       	ldi	r18, 0x00	; 0
      b4:	30 e0       	ldi	r19, 0x00	; 0
      b6:	40 e0       	ldi	r20, 0x00	; 0
      b8:	5f e4       	ldi	r21, 0x4F	; 79
      ba:	0e 94 c1 01 	call	0x382	; 0x382 <__subsf3>
      be:	0e 94 55 04 	call	0x8aa	; 0x8aa <__fixsfsi>
      c2:	9b 01       	movw	r18, r22
      c4:	ac 01       	movw	r20, r24
      c6:	20 50       	subi	r18, 0x00	; 0
      c8:	30 40       	sbci	r19, 0x00	; 0
      ca:	40 40       	sbci	r20, 0x00	; 0
      cc:	50 48       	sbci	r21, 0x80	; 128
      ce:	06 c0       	rjmp	.+12     	; 0xdc <__fixunssfsi+0x4a>
      d0:	c8 01       	movw	r24, r16
      d2:	b7 01       	movw	r22, r14
      d4:	0e 94 55 04 	call	0x8aa	; 0x8aa <__fixsfsi>
      d8:	9b 01       	movw	r18, r22
      da:	ac 01       	movw	r20, r24
      dc:	b9 01       	movw	r22, r18
      de:	ca 01       	movw	r24, r20
      e0:	1f 91       	pop	r17
      e2:	0f 91       	pop	r16
      e4:	ff 90       	pop	r15
      e6:	ef 90       	pop	r14
      e8:	08 95       	ret

000000ea <_fpadd_parts>:
      ea:	a0 e0       	ldi	r26, 0x00	; 0
      ec:	b0 e0       	ldi	r27, 0x00	; 0
      ee:	eb e7       	ldi	r30, 0x7B	; 123
      f0:	f0 e0       	ldi	r31, 0x00	; 0
      f2:	0c 94 5f 13 	jmp	0x26be	; 0x26be <__prologue_saves__>
      f6:	dc 01       	movw	r26, r24
      f8:	2b 01       	movw	r4, r22
      fa:	fa 01       	movw	r30, r20
      fc:	9c 91       	ld	r25, X
      fe:	92 30       	cpi	r25, 0x02	; 2
     100:	08 f4       	brcc	.+2      	; 0x104 <_fpadd_parts+0x1a>
     102:	39 c1       	rjmp	.+626    	; 0x376 <_fpadd_parts+0x28c>
     104:	eb 01       	movw	r28, r22
     106:	88 81       	ld	r24, Y
     108:	82 30       	cpi	r24, 0x02	; 2
     10a:	08 f4       	brcc	.+2      	; 0x10e <_fpadd_parts+0x24>
     10c:	33 c1       	rjmp	.+614    	; 0x374 <_fpadd_parts+0x28a>
     10e:	94 30       	cpi	r25, 0x04	; 4
     110:	69 f4       	brne	.+26     	; 0x12c <_fpadd_parts+0x42>
     112:	84 30       	cpi	r24, 0x04	; 4
     114:	09 f0       	breq	.+2      	; 0x118 <_fpadd_parts+0x2e>
     116:	2f c1       	rjmp	.+606    	; 0x376 <_fpadd_parts+0x28c>
     118:	11 96       	adiw	r26, 0x01	; 1
     11a:	9c 91       	ld	r25, X
     11c:	11 97       	sbiw	r26, 0x01	; 1
     11e:	89 81       	ldd	r24, Y+1	; 0x01
     120:	98 17       	cp	r25, r24
     122:	09 f4       	brne	.+2      	; 0x126 <_fpadd_parts+0x3c>
     124:	28 c1       	rjmp	.+592    	; 0x376 <_fpadd_parts+0x28c>
     126:	a8 ea       	ldi	r26, 0xA8	; 168
     128:	b0 e0       	ldi	r27, 0x00	; 0
     12a:	25 c1       	rjmp	.+586    	; 0x376 <_fpadd_parts+0x28c>
     12c:	84 30       	cpi	r24, 0x04	; 4
     12e:	09 f4       	brne	.+2      	; 0x132 <_fpadd_parts+0x48>
     130:	21 c1       	rjmp	.+578    	; 0x374 <_fpadd_parts+0x28a>
     132:	82 30       	cpi	r24, 0x02	; 2
     134:	a9 f4       	brne	.+42     	; 0x160 <_fpadd_parts+0x76>
     136:	92 30       	cpi	r25, 0x02	; 2
     138:	09 f0       	breq	.+2      	; 0x13c <_fpadd_parts+0x52>
     13a:	1d c1       	rjmp	.+570    	; 0x376 <_fpadd_parts+0x28c>
     13c:	9a 01       	movw	r18, r20
     13e:	ad 01       	movw	r20, r26
     140:	88 e0       	ldi	r24, 0x08	; 8
     142:	ea 01       	movw	r28, r20
     144:	09 90       	ld	r0, Y+
     146:	ae 01       	movw	r20, r28
     148:	e9 01       	movw	r28, r18
     14a:	09 92       	st	Y+, r0
     14c:	9e 01       	movw	r18, r28
     14e:	81 50       	subi	r24, 0x01	; 1
     150:	c1 f7       	brne	.-16     	; 0x142 <_fpadd_parts+0x58>
     152:	e2 01       	movw	r28, r4
     154:	89 81       	ldd	r24, Y+1	; 0x01
     156:	11 96       	adiw	r26, 0x01	; 1
     158:	9c 91       	ld	r25, X
     15a:	89 23       	and	r24, r25
     15c:	81 83       	std	Z+1, r24	; 0x01
     15e:	08 c1       	rjmp	.+528    	; 0x370 <_fpadd_parts+0x286>
     160:	92 30       	cpi	r25, 0x02	; 2
     162:	09 f4       	brne	.+2      	; 0x166 <_fpadd_parts+0x7c>
     164:	07 c1       	rjmp	.+526    	; 0x374 <_fpadd_parts+0x28a>
     166:	12 96       	adiw	r26, 0x02	; 2
     168:	2d 90       	ld	r2, X+
     16a:	3c 90       	ld	r3, X
     16c:	13 97       	sbiw	r26, 0x03	; 3
     16e:	eb 01       	movw	r28, r22
     170:	8a 81       	ldd	r24, Y+2	; 0x02
     172:	9b 81       	ldd	r25, Y+3	; 0x03
     174:	14 96       	adiw	r26, 0x04	; 4
     176:	ad 90       	ld	r10, X+
     178:	bd 90       	ld	r11, X+
     17a:	cd 90       	ld	r12, X+
     17c:	dc 90       	ld	r13, X
     17e:	17 97       	sbiw	r26, 0x07	; 7
     180:	ec 80       	ldd	r14, Y+4	; 0x04
     182:	fd 80       	ldd	r15, Y+5	; 0x05
     184:	0e 81       	ldd	r16, Y+6	; 0x06
     186:	1f 81       	ldd	r17, Y+7	; 0x07
     188:	91 01       	movw	r18, r2
     18a:	28 1b       	sub	r18, r24
     18c:	39 0b       	sbc	r19, r25
     18e:	b9 01       	movw	r22, r18
     190:	37 ff       	sbrs	r19, 7
     192:	04 c0       	rjmp	.+8      	; 0x19c <_fpadd_parts+0xb2>
     194:	66 27       	eor	r22, r22
     196:	77 27       	eor	r23, r23
     198:	62 1b       	sub	r22, r18
     19a:	73 0b       	sbc	r23, r19
     19c:	60 32       	cpi	r22, 0x20	; 32
     19e:	71 05       	cpc	r23, r1
     1a0:	0c f0       	brlt	.+2      	; 0x1a4 <_fpadd_parts+0xba>
     1a2:	61 c0       	rjmp	.+194    	; 0x266 <_fpadd_parts+0x17c>
     1a4:	12 16       	cp	r1, r18
     1a6:	13 06       	cpc	r1, r19
     1a8:	6c f5       	brge	.+90     	; 0x204 <_fpadd_parts+0x11a>
     1aa:	37 01       	movw	r6, r14
     1ac:	48 01       	movw	r8, r16
     1ae:	06 2e       	mov	r0, r22
     1b0:	04 c0       	rjmp	.+8      	; 0x1ba <_fpadd_parts+0xd0>
     1b2:	96 94       	lsr	r9
     1b4:	87 94       	ror	r8
     1b6:	77 94       	ror	r7
     1b8:	67 94       	ror	r6
     1ba:	0a 94       	dec	r0
     1bc:	d2 f7       	brpl	.-12     	; 0x1b2 <_fpadd_parts+0xc8>
     1be:	21 e0       	ldi	r18, 0x01	; 1
     1c0:	30 e0       	ldi	r19, 0x00	; 0
     1c2:	40 e0       	ldi	r20, 0x00	; 0
     1c4:	50 e0       	ldi	r21, 0x00	; 0
     1c6:	04 c0       	rjmp	.+8      	; 0x1d0 <_fpadd_parts+0xe6>
     1c8:	22 0f       	add	r18, r18
     1ca:	33 1f       	adc	r19, r19
     1cc:	44 1f       	adc	r20, r20
     1ce:	55 1f       	adc	r21, r21
     1d0:	6a 95       	dec	r22
     1d2:	d2 f7       	brpl	.-12     	; 0x1c8 <_fpadd_parts+0xde>
     1d4:	21 50       	subi	r18, 0x01	; 1
     1d6:	30 40       	sbci	r19, 0x00	; 0
     1d8:	40 40       	sbci	r20, 0x00	; 0
     1da:	50 40       	sbci	r21, 0x00	; 0
     1dc:	2e 21       	and	r18, r14
     1de:	3f 21       	and	r19, r15
     1e0:	40 23       	and	r20, r16
     1e2:	51 23       	and	r21, r17
     1e4:	21 15       	cp	r18, r1
     1e6:	31 05       	cpc	r19, r1
     1e8:	41 05       	cpc	r20, r1
     1ea:	51 05       	cpc	r21, r1
     1ec:	21 f0       	breq	.+8      	; 0x1f6 <_fpadd_parts+0x10c>
     1ee:	21 e0       	ldi	r18, 0x01	; 1
     1f0:	30 e0       	ldi	r19, 0x00	; 0
     1f2:	40 e0       	ldi	r20, 0x00	; 0
     1f4:	50 e0       	ldi	r21, 0x00	; 0
     1f6:	79 01       	movw	r14, r18
     1f8:	8a 01       	movw	r16, r20
     1fa:	e6 28       	or	r14, r6
     1fc:	f7 28       	or	r15, r7
     1fe:	08 29       	or	r16, r8
     200:	19 29       	or	r17, r9
     202:	3c c0       	rjmp	.+120    	; 0x27c <_fpadd_parts+0x192>
     204:	23 2b       	or	r18, r19
     206:	d1 f1       	breq	.+116    	; 0x27c <_fpadd_parts+0x192>
     208:	26 0e       	add	r2, r22
     20a:	37 1e       	adc	r3, r23
     20c:	35 01       	movw	r6, r10
     20e:	46 01       	movw	r8, r12
     210:	06 2e       	mov	r0, r22
     212:	04 c0       	rjmp	.+8      	; 0x21c <_fpadd_parts+0x132>
     214:	96 94       	lsr	r9
     216:	87 94       	ror	r8
     218:	77 94       	ror	r7
     21a:	67 94       	ror	r6
     21c:	0a 94       	dec	r0
     21e:	d2 f7       	brpl	.-12     	; 0x214 <_fpadd_parts+0x12a>
     220:	21 e0       	ldi	r18, 0x01	; 1
     222:	30 e0       	ldi	r19, 0x00	; 0
     224:	40 e0       	ldi	r20, 0x00	; 0
     226:	50 e0       	ldi	r21, 0x00	; 0
     228:	04 c0       	rjmp	.+8      	; 0x232 <_fpadd_parts+0x148>
     22a:	22 0f       	add	r18, r18
     22c:	33 1f       	adc	r19, r19
     22e:	44 1f       	adc	r20, r20
     230:	55 1f       	adc	r21, r21
     232:	6a 95       	dec	r22
     234:	d2 f7       	brpl	.-12     	; 0x22a <_fpadd_parts+0x140>
     236:	21 50       	subi	r18, 0x01	; 1
     238:	30 40       	sbci	r19, 0x00	; 0
     23a:	40 40       	sbci	r20, 0x00	; 0
     23c:	50 40       	sbci	r21, 0x00	; 0
     23e:	2a 21       	and	r18, r10
     240:	3b 21       	and	r19, r11
     242:	4c 21       	and	r20, r12
     244:	5d 21       	and	r21, r13
     246:	21 15       	cp	r18, r1
     248:	31 05       	cpc	r19, r1
     24a:	41 05       	cpc	r20, r1
     24c:	51 05       	cpc	r21, r1
     24e:	21 f0       	breq	.+8      	; 0x258 <_fpadd_parts+0x16e>
     250:	21 e0       	ldi	r18, 0x01	; 1
     252:	30 e0       	ldi	r19, 0x00	; 0
     254:	40 e0       	ldi	r20, 0x00	; 0
     256:	50 e0       	ldi	r21, 0x00	; 0
     258:	59 01       	movw	r10, r18
     25a:	6a 01       	movw	r12, r20
     25c:	a6 28       	or	r10, r6
     25e:	b7 28       	or	r11, r7
     260:	c8 28       	or	r12, r8
     262:	d9 28       	or	r13, r9
     264:	0b c0       	rjmp	.+22     	; 0x27c <_fpadd_parts+0x192>
     266:	82 15       	cp	r24, r2
     268:	93 05       	cpc	r25, r3
     26a:	2c f0       	brlt	.+10     	; 0x276 <_fpadd_parts+0x18c>
     26c:	1c 01       	movw	r2, r24
     26e:	aa 24       	eor	r10, r10
     270:	bb 24       	eor	r11, r11
     272:	65 01       	movw	r12, r10
     274:	03 c0       	rjmp	.+6      	; 0x27c <_fpadd_parts+0x192>
     276:	ee 24       	eor	r14, r14
     278:	ff 24       	eor	r15, r15
     27a:	87 01       	movw	r16, r14
     27c:	11 96       	adiw	r26, 0x01	; 1
     27e:	9c 91       	ld	r25, X
     280:	d2 01       	movw	r26, r4
     282:	11 96       	adiw	r26, 0x01	; 1
     284:	8c 91       	ld	r24, X
     286:	98 17       	cp	r25, r24
     288:	09 f4       	brne	.+2      	; 0x28c <_fpadd_parts+0x1a2>
     28a:	45 c0       	rjmp	.+138    	; 0x316 <_fpadd_parts+0x22c>
     28c:	99 23       	and	r25, r25
     28e:	39 f0       	breq	.+14     	; 0x29e <_fpadd_parts+0x1b4>
     290:	a8 01       	movw	r20, r16
     292:	97 01       	movw	r18, r14
     294:	2a 19       	sub	r18, r10
     296:	3b 09       	sbc	r19, r11
     298:	4c 09       	sbc	r20, r12
     29a:	5d 09       	sbc	r21, r13
     29c:	06 c0       	rjmp	.+12     	; 0x2aa <_fpadd_parts+0x1c0>
     29e:	a6 01       	movw	r20, r12
     2a0:	95 01       	movw	r18, r10
     2a2:	2e 19       	sub	r18, r14
     2a4:	3f 09       	sbc	r19, r15
     2a6:	40 0b       	sbc	r20, r16
     2a8:	51 0b       	sbc	r21, r17
     2aa:	57 fd       	sbrc	r21, 7
     2ac:	08 c0       	rjmp	.+16     	; 0x2be <_fpadd_parts+0x1d4>
     2ae:	11 82       	std	Z+1, r1	; 0x01
     2b0:	33 82       	std	Z+3, r3	; 0x03
     2b2:	22 82       	std	Z+2, r2	; 0x02
     2b4:	24 83       	std	Z+4, r18	; 0x04
     2b6:	35 83       	std	Z+5, r19	; 0x05
     2b8:	46 83       	std	Z+6, r20	; 0x06
     2ba:	57 83       	std	Z+7, r21	; 0x07
     2bc:	1d c0       	rjmp	.+58     	; 0x2f8 <_fpadd_parts+0x20e>
     2be:	81 e0       	ldi	r24, 0x01	; 1
     2c0:	81 83       	std	Z+1, r24	; 0x01
     2c2:	33 82       	std	Z+3, r3	; 0x03
     2c4:	22 82       	std	Z+2, r2	; 0x02
     2c6:	88 27       	eor	r24, r24
     2c8:	99 27       	eor	r25, r25
     2ca:	dc 01       	movw	r26, r24
     2cc:	82 1b       	sub	r24, r18
     2ce:	93 0b       	sbc	r25, r19
     2d0:	a4 0b       	sbc	r26, r20
     2d2:	b5 0b       	sbc	r27, r21
     2d4:	84 83       	std	Z+4, r24	; 0x04
     2d6:	95 83       	std	Z+5, r25	; 0x05
     2d8:	a6 83       	std	Z+6, r26	; 0x06
     2da:	b7 83       	std	Z+7, r27	; 0x07
     2dc:	0d c0       	rjmp	.+26     	; 0x2f8 <_fpadd_parts+0x20e>
     2de:	22 0f       	add	r18, r18
     2e0:	33 1f       	adc	r19, r19
     2e2:	44 1f       	adc	r20, r20
     2e4:	55 1f       	adc	r21, r21
     2e6:	24 83       	std	Z+4, r18	; 0x04
     2e8:	35 83       	std	Z+5, r19	; 0x05
     2ea:	46 83       	std	Z+6, r20	; 0x06
     2ec:	57 83       	std	Z+7, r21	; 0x07
     2ee:	82 81       	ldd	r24, Z+2	; 0x02
     2f0:	93 81       	ldd	r25, Z+3	; 0x03
     2f2:	01 97       	sbiw	r24, 0x01	; 1
     2f4:	93 83       	std	Z+3, r25	; 0x03
     2f6:	82 83       	std	Z+2, r24	; 0x02
     2f8:	24 81       	ldd	r18, Z+4	; 0x04
     2fa:	35 81       	ldd	r19, Z+5	; 0x05
     2fc:	46 81       	ldd	r20, Z+6	; 0x06
     2fe:	57 81       	ldd	r21, Z+7	; 0x07
     300:	da 01       	movw	r26, r20
     302:	c9 01       	movw	r24, r18
     304:	01 97       	sbiw	r24, 0x01	; 1
     306:	a1 09       	sbc	r26, r1
     308:	b1 09       	sbc	r27, r1
     30a:	8f 5f       	subi	r24, 0xFF	; 255
     30c:	9f 4f       	sbci	r25, 0xFF	; 255
     30e:	af 4f       	sbci	r26, 0xFF	; 255
     310:	bf 43       	sbci	r27, 0x3F	; 63
     312:	28 f3       	brcs	.-54     	; 0x2de <_fpadd_parts+0x1f4>
     314:	0b c0       	rjmp	.+22     	; 0x32c <_fpadd_parts+0x242>
     316:	91 83       	std	Z+1, r25	; 0x01
     318:	33 82       	std	Z+3, r3	; 0x03
     31a:	22 82       	std	Z+2, r2	; 0x02
     31c:	ea 0c       	add	r14, r10
     31e:	fb 1c       	adc	r15, r11
     320:	0c 1d       	adc	r16, r12
     322:	1d 1d       	adc	r17, r13
     324:	e4 82       	std	Z+4, r14	; 0x04
     326:	f5 82       	std	Z+5, r15	; 0x05
     328:	06 83       	std	Z+6, r16	; 0x06
     32a:	17 83       	std	Z+7, r17	; 0x07
     32c:	83 e0       	ldi	r24, 0x03	; 3
     32e:	80 83       	st	Z, r24
     330:	24 81       	ldd	r18, Z+4	; 0x04
     332:	35 81       	ldd	r19, Z+5	; 0x05
     334:	46 81       	ldd	r20, Z+6	; 0x06
     336:	57 81       	ldd	r21, Z+7	; 0x07
     338:	57 ff       	sbrs	r21, 7
     33a:	1a c0       	rjmp	.+52     	; 0x370 <_fpadd_parts+0x286>
     33c:	c9 01       	movw	r24, r18
     33e:	aa 27       	eor	r26, r26
     340:	97 fd       	sbrc	r25, 7
     342:	a0 95       	com	r26
     344:	ba 2f       	mov	r27, r26
     346:	81 70       	andi	r24, 0x01	; 1
     348:	90 70       	andi	r25, 0x00	; 0
     34a:	a0 70       	andi	r26, 0x00	; 0
     34c:	b0 70       	andi	r27, 0x00	; 0
     34e:	56 95       	lsr	r21
     350:	47 95       	ror	r20
     352:	37 95       	ror	r19
     354:	27 95       	ror	r18
     356:	82 2b       	or	r24, r18
     358:	93 2b       	or	r25, r19
     35a:	a4 2b       	or	r26, r20
     35c:	b5 2b       	or	r27, r21
     35e:	84 83       	std	Z+4, r24	; 0x04
     360:	95 83       	std	Z+5, r25	; 0x05
     362:	a6 83       	std	Z+6, r26	; 0x06
     364:	b7 83       	std	Z+7, r27	; 0x07
     366:	82 81       	ldd	r24, Z+2	; 0x02
     368:	93 81       	ldd	r25, Z+3	; 0x03
     36a:	01 96       	adiw	r24, 0x01	; 1
     36c:	93 83       	std	Z+3, r25	; 0x03
     36e:	82 83       	std	Z+2, r24	; 0x02
     370:	df 01       	movw	r26, r30
     372:	01 c0       	rjmp	.+2      	; 0x376 <_fpadd_parts+0x28c>
     374:	d2 01       	movw	r26, r4
     376:	cd 01       	movw	r24, r26
     378:	cd b7       	in	r28, 0x3d	; 61
     37a:	de b7       	in	r29, 0x3e	; 62
     37c:	e2 e1       	ldi	r30, 0x12	; 18
     37e:	0c 94 7b 13 	jmp	0x26f6	; 0x26f6 <__epilogue_restores__>

00000382 <__subsf3>:
     382:	a0 e2       	ldi	r26, 0x20	; 32
     384:	b0 e0       	ldi	r27, 0x00	; 0
     386:	e7 ec       	ldi	r30, 0xC7	; 199
     388:	f1 e0       	ldi	r31, 0x01	; 1
     38a:	0c 94 6b 13 	jmp	0x26d6	; 0x26d6 <__prologue_saves__+0x18>
     38e:	69 83       	std	Y+1, r22	; 0x01
     390:	7a 83       	std	Y+2, r23	; 0x02
     392:	8b 83       	std	Y+3, r24	; 0x03
     394:	9c 83       	std	Y+4, r25	; 0x04
     396:	2d 83       	std	Y+5, r18	; 0x05
     398:	3e 83       	std	Y+6, r19	; 0x06
     39a:	4f 83       	std	Y+7, r20	; 0x07
     39c:	58 87       	std	Y+8, r21	; 0x08
     39e:	e9 e0       	ldi	r30, 0x09	; 9
     3a0:	ee 2e       	mov	r14, r30
     3a2:	f1 2c       	mov	r15, r1
     3a4:	ec 0e       	add	r14, r28
     3a6:	fd 1e       	adc	r15, r29
     3a8:	ce 01       	movw	r24, r28
     3aa:	01 96       	adiw	r24, 0x01	; 1
     3ac:	b7 01       	movw	r22, r14
     3ae:	0e 94 46 06 	call	0xc8c	; 0xc8c <__unpack_f>
     3b2:	8e 01       	movw	r16, r28
     3b4:	0f 5e       	subi	r16, 0xEF	; 239
     3b6:	1f 4f       	sbci	r17, 0xFF	; 255
     3b8:	ce 01       	movw	r24, r28
     3ba:	05 96       	adiw	r24, 0x05	; 5
     3bc:	b8 01       	movw	r22, r16
     3be:	0e 94 46 06 	call	0xc8c	; 0xc8c <__unpack_f>
     3c2:	8a 89       	ldd	r24, Y+18	; 0x12
     3c4:	91 e0       	ldi	r25, 0x01	; 1
     3c6:	89 27       	eor	r24, r25
     3c8:	8a 8b       	std	Y+18, r24	; 0x12
     3ca:	c7 01       	movw	r24, r14
     3cc:	b8 01       	movw	r22, r16
     3ce:	ae 01       	movw	r20, r28
     3d0:	47 5e       	subi	r20, 0xE7	; 231
     3d2:	5f 4f       	sbci	r21, 0xFF	; 255
     3d4:	0e 94 75 00 	call	0xea	; 0xea <_fpadd_parts>
     3d8:	0e 94 71 05 	call	0xae2	; 0xae2 <__pack_f>
     3dc:	a0 96       	adiw	r28, 0x20	; 32
     3de:	e6 e0       	ldi	r30, 0x06	; 6
     3e0:	0c 94 87 13 	jmp	0x270e	; 0x270e <__epilogue_restores__+0x18>

000003e4 <__addsf3>:
     3e4:	a0 e2       	ldi	r26, 0x20	; 32
     3e6:	b0 e0       	ldi	r27, 0x00	; 0
     3e8:	e8 ef       	ldi	r30, 0xF8	; 248
     3ea:	f1 e0       	ldi	r31, 0x01	; 1
     3ec:	0c 94 6b 13 	jmp	0x26d6	; 0x26d6 <__prologue_saves__+0x18>
     3f0:	69 83       	std	Y+1, r22	; 0x01
     3f2:	7a 83       	std	Y+2, r23	; 0x02
     3f4:	8b 83       	std	Y+3, r24	; 0x03
     3f6:	9c 83       	std	Y+4, r25	; 0x04
     3f8:	2d 83       	std	Y+5, r18	; 0x05
     3fa:	3e 83       	std	Y+6, r19	; 0x06
     3fc:	4f 83       	std	Y+7, r20	; 0x07
     3fe:	58 87       	std	Y+8, r21	; 0x08
     400:	f9 e0       	ldi	r31, 0x09	; 9
     402:	ef 2e       	mov	r14, r31
     404:	f1 2c       	mov	r15, r1
     406:	ec 0e       	add	r14, r28
     408:	fd 1e       	adc	r15, r29
     40a:	ce 01       	movw	r24, r28
     40c:	01 96       	adiw	r24, 0x01	; 1
     40e:	b7 01       	movw	r22, r14
     410:	0e 94 46 06 	call	0xc8c	; 0xc8c <__unpack_f>
     414:	8e 01       	movw	r16, r28
     416:	0f 5e       	subi	r16, 0xEF	; 239
     418:	1f 4f       	sbci	r17, 0xFF	; 255
     41a:	ce 01       	movw	r24, r28
     41c:	05 96       	adiw	r24, 0x05	; 5
     41e:	b8 01       	movw	r22, r16
     420:	0e 94 46 06 	call	0xc8c	; 0xc8c <__unpack_f>
     424:	c7 01       	movw	r24, r14
     426:	b8 01       	movw	r22, r16
     428:	ae 01       	movw	r20, r28
     42a:	47 5e       	subi	r20, 0xE7	; 231
     42c:	5f 4f       	sbci	r21, 0xFF	; 255
     42e:	0e 94 75 00 	call	0xea	; 0xea <_fpadd_parts>
     432:	0e 94 71 05 	call	0xae2	; 0xae2 <__pack_f>
     436:	a0 96       	adiw	r28, 0x20	; 32
     438:	e6 e0       	ldi	r30, 0x06	; 6
     43a:	0c 94 87 13 	jmp	0x270e	; 0x270e <__epilogue_restores__+0x18>

0000043e <__mulsf3>:
     43e:	a0 e2       	ldi	r26, 0x20	; 32
     440:	b0 e0       	ldi	r27, 0x00	; 0
     442:	e5 e2       	ldi	r30, 0x25	; 37
     444:	f2 e0       	ldi	r31, 0x02	; 2
     446:	0c 94 5f 13 	jmp	0x26be	; 0x26be <__prologue_saves__>
     44a:	69 83       	std	Y+1, r22	; 0x01
     44c:	7a 83       	std	Y+2, r23	; 0x02
     44e:	8b 83       	std	Y+3, r24	; 0x03
     450:	9c 83       	std	Y+4, r25	; 0x04
     452:	2d 83       	std	Y+5, r18	; 0x05
     454:	3e 83       	std	Y+6, r19	; 0x06
     456:	4f 83       	std	Y+7, r20	; 0x07
     458:	58 87       	std	Y+8, r21	; 0x08
     45a:	ce 01       	movw	r24, r28
     45c:	01 96       	adiw	r24, 0x01	; 1
     45e:	be 01       	movw	r22, r28
     460:	67 5f       	subi	r22, 0xF7	; 247
     462:	7f 4f       	sbci	r23, 0xFF	; 255
     464:	0e 94 46 06 	call	0xc8c	; 0xc8c <__unpack_f>
     468:	ce 01       	movw	r24, r28
     46a:	05 96       	adiw	r24, 0x05	; 5
     46c:	be 01       	movw	r22, r28
     46e:	6f 5e       	subi	r22, 0xEF	; 239
     470:	7f 4f       	sbci	r23, 0xFF	; 255
     472:	0e 94 46 06 	call	0xc8c	; 0xc8c <__unpack_f>
     476:	99 85       	ldd	r25, Y+9	; 0x09
     478:	92 30       	cpi	r25, 0x02	; 2
     47a:	88 f0       	brcs	.+34     	; 0x49e <__mulsf3+0x60>
     47c:	89 89       	ldd	r24, Y+17	; 0x11
     47e:	82 30       	cpi	r24, 0x02	; 2
     480:	c8 f0       	brcs	.+50     	; 0x4b4 <__mulsf3+0x76>
     482:	94 30       	cpi	r25, 0x04	; 4
     484:	19 f4       	brne	.+6      	; 0x48c <__mulsf3+0x4e>
     486:	82 30       	cpi	r24, 0x02	; 2
     488:	51 f4       	brne	.+20     	; 0x49e <__mulsf3+0x60>
     48a:	04 c0       	rjmp	.+8      	; 0x494 <__mulsf3+0x56>
     48c:	84 30       	cpi	r24, 0x04	; 4
     48e:	29 f4       	brne	.+10     	; 0x49a <__mulsf3+0x5c>
     490:	92 30       	cpi	r25, 0x02	; 2
     492:	81 f4       	brne	.+32     	; 0x4b4 <__mulsf3+0x76>
     494:	88 ea       	ldi	r24, 0xA8	; 168
     496:	90 e0       	ldi	r25, 0x00	; 0
     498:	c6 c0       	rjmp	.+396    	; 0x626 <__mulsf3+0x1e8>
     49a:	92 30       	cpi	r25, 0x02	; 2
     49c:	49 f4       	brne	.+18     	; 0x4b0 <__mulsf3+0x72>
     49e:	20 e0       	ldi	r18, 0x00	; 0
     4a0:	9a 85       	ldd	r25, Y+10	; 0x0a
     4a2:	8a 89       	ldd	r24, Y+18	; 0x12
     4a4:	98 13       	cpse	r25, r24
     4a6:	21 e0       	ldi	r18, 0x01	; 1
     4a8:	2a 87       	std	Y+10, r18	; 0x0a
     4aa:	ce 01       	movw	r24, r28
     4ac:	09 96       	adiw	r24, 0x09	; 9
     4ae:	bb c0       	rjmp	.+374    	; 0x626 <__mulsf3+0x1e8>
     4b0:	82 30       	cpi	r24, 0x02	; 2
     4b2:	49 f4       	brne	.+18     	; 0x4c6 <__mulsf3+0x88>
     4b4:	20 e0       	ldi	r18, 0x00	; 0
     4b6:	9a 85       	ldd	r25, Y+10	; 0x0a
     4b8:	8a 89       	ldd	r24, Y+18	; 0x12
     4ba:	98 13       	cpse	r25, r24
     4bc:	21 e0       	ldi	r18, 0x01	; 1
     4be:	2a 8b       	std	Y+18, r18	; 0x12
     4c0:	ce 01       	movw	r24, r28
     4c2:	41 96       	adiw	r24, 0x11	; 17
     4c4:	b0 c0       	rjmp	.+352    	; 0x626 <__mulsf3+0x1e8>
     4c6:	2d 84       	ldd	r2, Y+13	; 0x0d
     4c8:	3e 84       	ldd	r3, Y+14	; 0x0e
     4ca:	4f 84       	ldd	r4, Y+15	; 0x0f
     4cc:	58 88       	ldd	r5, Y+16	; 0x10
     4ce:	6d 88       	ldd	r6, Y+21	; 0x15
     4d0:	7e 88       	ldd	r7, Y+22	; 0x16
     4d2:	8f 88       	ldd	r8, Y+23	; 0x17
     4d4:	98 8c       	ldd	r9, Y+24	; 0x18
     4d6:	ee 24       	eor	r14, r14
     4d8:	ff 24       	eor	r15, r15
     4da:	87 01       	movw	r16, r14
     4dc:	aa 24       	eor	r10, r10
     4de:	bb 24       	eor	r11, r11
     4e0:	65 01       	movw	r12, r10
     4e2:	40 e0       	ldi	r20, 0x00	; 0
     4e4:	50 e0       	ldi	r21, 0x00	; 0
     4e6:	60 e0       	ldi	r22, 0x00	; 0
     4e8:	70 e0       	ldi	r23, 0x00	; 0
     4ea:	e0 e0       	ldi	r30, 0x00	; 0
     4ec:	f0 e0       	ldi	r31, 0x00	; 0
     4ee:	c1 01       	movw	r24, r2
     4f0:	81 70       	andi	r24, 0x01	; 1
     4f2:	90 70       	andi	r25, 0x00	; 0
     4f4:	89 2b       	or	r24, r25
     4f6:	e9 f0       	breq	.+58     	; 0x532 <__mulsf3+0xf4>
     4f8:	e6 0c       	add	r14, r6
     4fa:	f7 1c       	adc	r15, r7
     4fc:	08 1d       	adc	r16, r8
     4fe:	19 1d       	adc	r17, r9
     500:	9a 01       	movw	r18, r20
     502:	ab 01       	movw	r20, r22
     504:	2a 0d       	add	r18, r10
     506:	3b 1d       	adc	r19, r11
     508:	4c 1d       	adc	r20, r12
     50a:	5d 1d       	adc	r21, r13
     50c:	80 e0       	ldi	r24, 0x00	; 0
     50e:	90 e0       	ldi	r25, 0x00	; 0
     510:	a0 e0       	ldi	r26, 0x00	; 0
     512:	b0 e0       	ldi	r27, 0x00	; 0
     514:	e6 14       	cp	r14, r6
     516:	f7 04       	cpc	r15, r7
     518:	08 05       	cpc	r16, r8
     51a:	19 05       	cpc	r17, r9
     51c:	20 f4       	brcc	.+8      	; 0x526 <__mulsf3+0xe8>
     51e:	81 e0       	ldi	r24, 0x01	; 1
     520:	90 e0       	ldi	r25, 0x00	; 0
     522:	a0 e0       	ldi	r26, 0x00	; 0
     524:	b0 e0       	ldi	r27, 0x00	; 0
     526:	ba 01       	movw	r22, r20
     528:	a9 01       	movw	r20, r18
     52a:	48 0f       	add	r20, r24
     52c:	59 1f       	adc	r21, r25
     52e:	6a 1f       	adc	r22, r26
     530:	7b 1f       	adc	r23, r27
     532:	aa 0c       	add	r10, r10
     534:	bb 1c       	adc	r11, r11
     536:	cc 1c       	adc	r12, r12
     538:	dd 1c       	adc	r13, r13
     53a:	97 fe       	sbrs	r9, 7
     53c:	08 c0       	rjmp	.+16     	; 0x54e <__mulsf3+0x110>
     53e:	81 e0       	ldi	r24, 0x01	; 1
     540:	90 e0       	ldi	r25, 0x00	; 0
     542:	a0 e0       	ldi	r26, 0x00	; 0
     544:	b0 e0       	ldi	r27, 0x00	; 0
     546:	a8 2a       	or	r10, r24
     548:	b9 2a       	or	r11, r25
     54a:	ca 2a       	or	r12, r26
     54c:	db 2a       	or	r13, r27
     54e:	31 96       	adiw	r30, 0x01	; 1
     550:	e0 32       	cpi	r30, 0x20	; 32
     552:	f1 05       	cpc	r31, r1
     554:	49 f0       	breq	.+18     	; 0x568 <__mulsf3+0x12a>
     556:	66 0c       	add	r6, r6
     558:	77 1c       	adc	r7, r7
     55a:	88 1c       	adc	r8, r8
     55c:	99 1c       	adc	r9, r9
     55e:	56 94       	lsr	r5
     560:	47 94       	ror	r4
     562:	37 94       	ror	r3
     564:	27 94       	ror	r2
     566:	c3 cf       	rjmp	.-122    	; 0x4ee <__mulsf3+0xb0>
     568:	fa 85       	ldd	r31, Y+10	; 0x0a
     56a:	ea 89       	ldd	r30, Y+18	; 0x12
     56c:	2b 89       	ldd	r18, Y+19	; 0x13
     56e:	3c 89       	ldd	r19, Y+20	; 0x14
     570:	8b 85       	ldd	r24, Y+11	; 0x0b
     572:	9c 85       	ldd	r25, Y+12	; 0x0c
     574:	28 0f       	add	r18, r24
     576:	39 1f       	adc	r19, r25
     578:	2e 5f       	subi	r18, 0xFE	; 254
     57a:	3f 4f       	sbci	r19, 0xFF	; 255
     57c:	17 c0       	rjmp	.+46     	; 0x5ac <__mulsf3+0x16e>
     57e:	ca 01       	movw	r24, r20
     580:	81 70       	andi	r24, 0x01	; 1
     582:	90 70       	andi	r25, 0x00	; 0
     584:	89 2b       	or	r24, r25
     586:	61 f0       	breq	.+24     	; 0x5a0 <__mulsf3+0x162>
     588:	16 95       	lsr	r17
     58a:	07 95       	ror	r16
     58c:	f7 94       	ror	r15
     58e:	e7 94       	ror	r14
     590:	80 e0       	ldi	r24, 0x00	; 0
     592:	90 e0       	ldi	r25, 0x00	; 0
     594:	a0 e0       	ldi	r26, 0x00	; 0
     596:	b0 e8       	ldi	r27, 0x80	; 128
     598:	e8 2a       	or	r14, r24
     59a:	f9 2a       	or	r15, r25
     59c:	0a 2b       	or	r16, r26
     59e:	1b 2b       	or	r17, r27
     5a0:	76 95       	lsr	r23
     5a2:	67 95       	ror	r22
     5a4:	57 95       	ror	r21
     5a6:	47 95       	ror	r20
     5a8:	2f 5f       	subi	r18, 0xFF	; 255
     5aa:	3f 4f       	sbci	r19, 0xFF	; 255
     5ac:	77 fd       	sbrc	r23, 7
     5ae:	e7 cf       	rjmp	.-50     	; 0x57e <__mulsf3+0x140>
     5b0:	0c c0       	rjmp	.+24     	; 0x5ca <__mulsf3+0x18c>
     5b2:	44 0f       	add	r20, r20
     5b4:	55 1f       	adc	r21, r21
     5b6:	66 1f       	adc	r22, r22
     5b8:	77 1f       	adc	r23, r23
     5ba:	17 fd       	sbrc	r17, 7
     5bc:	41 60       	ori	r20, 0x01	; 1
     5be:	ee 0c       	add	r14, r14
     5c0:	ff 1c       	adc	r15, r15
     5c2:	00 1f       	adc	r16, r16
     5c4:	11 1f       	adc	r17, r17
     5c6:	21 50       	subi	r18, 0x01	; 1
     5c8:	30 40       	sbci	r19, 0x00	; 0
     5ca:	40 30       	cpi	r20, 0x00	; 0
     5cc:	90 e0       	ldi	r25, 0x00	; 0
     5ce:	59 07       	cpc	r21, r25
     5d0:	90 e0       	ldi	r25, 0x00	; 0
     5d2:	69 07       	cpc	r22, r25
     5d4:	90 e4       	ldi	r25, 0x40	; 64
     5d6:	79 07       	cpc	r23, r25
     5d8:	60 f3       	brcs	.-40     	; 0x5b2 <__mulsf3+0x174>
     5da:	2b 8f       	std	Y+27, r18	; 0x1b
     5dc:	3c 8f       	std	Y+28, r19	; 0x1c
     5de:	db 01       	movw	r26, r22
     5e0:	ca 01       	movw	r24, r20
     5e2:	8f 77       	andi	r24, 0x7F	; 127
     5e4:	90 70       	andi	r25, 0x00	; 0
     5e6:	a0 70       	andi	r26, 0x00	; 0
     5e8:	b0 70       	andi	r27, 0x00	; 0
     5ea:	80 34       	cpi	r24, 0x40	; 64
     5ec:	91 05       	cpc	r25, r1
     5ee:	a1 05       	cpc	r26, r1
     5f0:	b1 05       	cpc	r27, r1
     5f2:	61 f4       	brne	.+24     	; 0x60c <__mulsf3+0x1ce>
     5f4:	47 fd       	sbrc	r20, 7
     5f6:	0a c0       	rjmp	.+20     	; 0x60c <__mulsf3+0x1ce>
     5f8:	e1 14       	cp	r14, r1
     5fa:	f1 04       	cpc	r15, r1
     5fc:	01 05       	cpc	r16, r1
     5fe:	11 05       	cpc	r17, r1
     600:	29 f0       	breq	.+10     	; 0x60c <__mulsf3+0x1ce>
     602:	40 5c       	subi	r20, 0xC0	; 192
     604:	5f 4f       	sbci	r21, 0xFF	; 255
     606:	6f 4f       	sbci	r22, 0xFF	; 255
     608:	7f 4f       	sbci	r23, 0xFF	; 255
     60a:	40 78       	andi	r20, 0x80	; 128
     60c:	1a 8e       	std	Y+26, r1	; 0x1a
     60e:	fe 17       	cp	r31, r30
     610:	11 f0       	breq	.+4      	; 0x616 <__mulsf3+0x1d8>
     612:	81 e0       	ldi	r24, 0x01	; 1
     614:	8a 8f       	std	Y+26, r24	; 0x1a
     616:	4d 8f       	std	Y+29, r20	; 0x1d
     618:	5e 8f       	std	Y+30, r21	; 0x1e
     61a:	6f 8f       	std	Y+31, r22	; 0x1f
     61c:	78 a3       	std	Y+32, r23	; 0x20
     61e:	83 e0       	ldi	r24, 0x03	; 3
     620:	89 8f       	std	Y+25, r24	; 0x19
     622:	ce 01       	movw	r24, r28
     624:	49 96       	adiw	r24, 0x19	; 25
     626:	0e 94 71 05 	call	0xae2	; 0xae2 <__pack_f>
     62a:	a0 96       	adiw	r28, 0x20	; 32
     62c:	e2 e1       	ldi	r30, 0x12	; 18
     62e:	0c 94 7b 13 	jmp	0x26f6	; 0x26f6 <__epilogue_restores__>

00000632 <__divsf3>:
     632:	a8 e1       	ldi	r26, 0x18	; 24
     634:	b0 e0       	ldi	r27, 0x00	; 0
     636:	ef e1       	ldi	r30, 0x1F	; 31
     638:	f3 e0       	ldi	r31, 0x03	; 3
     63a:	0c 94 67 13 	jmp	0x26ce	; 0x26ce <__prologue_saves__+0x10>
     63e:	69 83       	std	Y+1, r22	; 0x01
     640:	7a 83       	std	Y+2, r23	; 0x02
     642:	8b 83       	std	Y+3, r24	; 0x03
     644:	9c 83       	std	Y+4, r25	; 0x04
     646:	2d 83       	std	Y+5, r18	; 0x05
     648:	3e 83       	std	Y+6, r19	; 0x06
     64a:	4f 83       	std	Y+7, r20	; 0x07
     64c:	58 87       	std	Y+8, r21	; 0x08
     64e:	b9 e0       	ldi	r27, 0x09	; 9
     650:	eb 2e       	mov	r14, r27
     652:	f1 2c       	mov	r15, r1
     654:	ec 0e       	add	r14, r28
     656:	fd 1e       	adc	r15, r29
     658:	ce 01       	movw	r24, r28
     65a:	01 96       	adiw	r24, 0x01	; 1
     65c:	b7 01       	movw	r22, r14
     65e:	0e 94 46 06 	call	0xc8c	; 0xc8c <__unpack_f>
     662:	8e 01       	movw	r16, r28
     664:	0f 5e       	subi	r16, 0xEF	; 239
     666:	1f 4f       	sbci	r17, 0xFF	; 255
     668:	ce 01       	movw	r24, r28
     66a:	05 96       	adiw	r24, 0x05	; 5
     66c:	b8 01       	movw	r22, r16
     66e:	0e 94 46 06 	call	0xc8c	; 0xc8c <__unpack_f>
     672:	29 85       	ldd	r18, Y+9	; 0x09
     674:	22 30       	cpi	r18, 0x02	; 2
     676:	08 f4       	brcc	.+2      	; 0x67a <__divsf3+0x48>
     678:	7e c0       	rjmp	.+252    	; 0x776 <__divsf3+0x144>
     67a:	39 89       	ldd	r19, Y+17	; 0x11
     67c:	32 30       	cpi	r19, 0x02	; 2
     67e:	10 f4       	brcc	.+4      	; 0x684 <__divsf3+0x52>
     680:	b8 01       	movw	r22, r16
     682:	7c c0       	rjmp	.+248    	; 0x77c <__divsf3+0x14a>
     684:	8a 85       	ldd	r24, Y+10	; 0x0a
     686:	9a 89       	ldd	r25, Y+18	; 0x12
     688:	89 27       	eor	r24, r25
     68a:	8a 87       	std	Y+10, r24	; 0x0a
     68c:	24 30       	cpi	r18, 0x04	; 4
     68e:	11 f0       	breq	.+4      	; 0x694 <__divsf3+0x62>
     690:	22 30       	cpi	r18, 0x02	; 2
     692:	31 f4       	brne	.+12     	; 0x6a0 <__divsf3+0x6e>
     694:	23 17       	cp	r18, r19
     696:	09 f0       	breq	.+2      	; 0x69a <__divsf3+0x68>
     698:	6e c0       	rjmp	.+220    	; 0x776 <__divsf3+0x144>
     69a:	68 ea       	ldi	r22, 0xA8	; 168
     69c:	70 e0       	ldi	r23, 0x00	; 0
     69e:	6e c0       	rjmp	.+220    	; 0x77c <__divsf3+0x14a>
     6a0:	34 30       	cpi	r19, 0x04	; 4
     6a2:	39 f4       	brne	.+14     	; 0x6b2 <__divsf3+0x80>
     6a4:	1d 86       	std	Y+13, r1	; 0x0d
     6a6:	1e 86       	std	Y+14, r1	; 0x0e
     6a8:	1f 86       	std	Y+15, r1	; 0x0f
     6aa:	18 8a       	std	Y+16, r1	; 0x10
     6ac:	1c 86       	std	Y+12, r1	; 0x0c
     6ae:	1b 86       	std	Y+11, r1	; 0x0b
     6b0:	04 c0       	rjmp	.+8      	; 0x6ba <__divsf3+0x88>
     6b2:	32 30       	cpi	r19, 0x02	; 2
     6b4:	21 f4       	brne	.+8      	; 0x6be <__divsf3+0x8c>
     6b6:	84 e0       	ldi	r24, 0x04	; 4
     6b8:	89 87       	std	Y+9, r24	; 0x09
     6ba:	b7 01       	movw	r22, r14
     6bc:	5f c0       	rjmp	.+190    	; 0x77c <__divsf3+0x14a>
     6be:	2b 85       	ldd	r18, Y+11	; 0x0b
     6c0:	3c 85       	ldd	r19, Y+12	; 0x0c
     6c2:	8b 89       	ldd	r24, Y+19	; 0x13
     6c4:	9c 89       	ldd	r25, Y+20	; 0x14
     6c6:	28 1b       	sub	r18, r24
     6c8:	39 0b       	sbc	r19, r25
     6ca:	3c 87       	std	Y+12, r19	; 0x0c
     6cc:	2b 87       	std	Y+11, r18	; 0x0b
     6ce:	ed 84       	ldd	r14, Y+13	; 0x0d
     6d0:	fe 84       	ldd	r15, Y+14	; 0x0e
     6d2:	0f 85       	ldd	r16, Y+15	; 0x0f
     6d4:	18 89       	ldd	r17, Y+16	; 0x10
     6d6:	ad 88       	ldd	r10, Y+21	; 0x15
     6d8:	be 88       	ldd	r11, Y+22	; 0x16
     6da:	cf 88       	ldd	r12, Y+23	; 0x17
     6dc:	d8 8c       	ldd	r13, Y+24	; 0x18
     6de:	ea 14       	cp	r14, r10
     6e0:	fb 04       	cpc	r15, r11
     6e2:	0c 05       	cpc	r16, r12
     6e4:	1d 05       	cpc	r17, r13
     6e6:	40 f4       	brcc	.+16     	; 0x6f8 <__divsf3+0xc6>
     6e8:	ee 0c       	add	r14, r14
     6ea:	ff 1c       	adc	r15, r15
     6ec:	00 1f       	adc	r16, r16
     6ee:	11 1f       	adc	r17, r17
     6f0:	21 50       	subi	r18, 0x01	; 1
     6f2:	30 40       	sbci	r19, 0x00	; 0
     6f4:	3c 87       	std	Y+12, r19	; 0x0c
     6f6:	2b 87       	std	Y+11, r18	; 0x0b
     6f8:	20 e0       	ldi	r18, 0x00	; 0
     6fa:	30 e0       	ldi	r19, 0x00	; 0
     6fc:	40 e0       	ldi	r20, 0x00	; 0
     6fe:	50 e0       	ldi	r21, 0x00	; 0
     700:	80 e0       	ldi	r24, 0x00	; 0
     702:	90 e0       	ldi	r25, 0x00	; 0
     704:	a0 e0       	ldi	r26, 0x00	; 0
     706:	b0 e4       	ldi	r27, 0x40	; 64
     708:	60 e0       	ldi	r22, 0x00	; 0
     70a:	70 e0       	ldi	r23, 0x00	; 0
     70c:	ea 14       	cp	r14, r10
     70e:	fb 04       	cpc	r15, r11
     710:	0c 05       	cpc	r16, r12
     712:	1d 05       	cpc	r17, r13
     714:	40 f0       	brcs	.+16     	; 0x726 <__divsf3+0xf4>
     716:	28 2b       	or	r18, r24
     718:	39 2b       	or	r19, r25
     71a:	4a 2b       	or	r20, r26
     71c:	5b 2b       	or	r21, r27
     71e:	ea 18       	sub	r14, r10
     720:	fb 08       	sbc	r15, r11
     722:	0c 09       	sbc	r16, r12
     724:	1d 09       	sbc	r17, r13
     726:	b6 95       	lsr	r27
     728:	a7 95       	ror	r26
     72a:	97 95       	ror	r25
     72c:	87 95       	ror	r24
     72e:	ee 0c       	add	r14, r14
     730:	ff 1c       	adc	r15, r15
     732:	00 1f       	adc	r16, r16
     734:	11 1f       	adc	r17, r17
     736:	6f 5f       	subi	r22, 0xFF	; 255
     738:	7f 4f       	sbci	r23, 0xFF	; 255
     73a:	6f 31       	cpi	r22, 0x1F	; 31
     73c:	71 05       	cpc	r23, r1
     73e:	31 f7       	brne	.-52     	; 0x70c <__divsf3+0xda>
     740:	da 01       	movw	r26, r20
     742:	c9 01       	movw	r24, r18
     744:	8f 77       	andi	r24, 0x7F	; 127
     746:	90 70       	andi	r25, 0x00	; 0
     748:	a0 70       	andi	r26, 0x00	; 0
     74a:	b0 70       	andi	r27, 0x00	; 0
     74c:	80 34       	cpi	r24, 0x40	; 64
     74e:	91 05       	cpc	r25, r1
     750:	a1 05       	cpc	r26, r1
     752:	b1 05       	cpc	r27, r1
     754:	61 f4       	brne	.+24     	; 0x76e <__divsf3+0x13c>
     756:	27 fd       	sbrc	r18, 7
     758:	0a c0       	rjmp	.+20     	; 0x76e <__divsf3+0x13c>
     75a:	e1 14       	cp	r14, r1
     75c:	f1 04       	cpc	r15, r1
     75e:	01 05       	cpc	r16, r1
     760:	11 05       	cpc	r17, r1
     762:	29 f0       	breq	.+10     	; 0x76e <__divsf3+0x13c>
     764:	20 5c       	subi	r18, 0xC0	; 192
     766:	3f 4f       	sbci	r19, 0xFF	; 255
     768:	4f 4f       	sbci	r20, 0xFF	; 255
     76a:	5f 4f       	sbci	r21, 0xFF	; 255
     76c:	20 78       	andi	r18, 0x80	; 128
     76e:	2d 87       	std	Y+13, r18	; 0x0d
     770:	3e 87       	std	Y+14, r19	; 0x0e
     772:	4f 87       	std	Y+15, r20	; 0x0f
     774:	58 8b       	std	Y+16, r21	; 0x10
     776:	be 01       	movw	r22, r28
     778:	67 5f       	subi	r22, 0xF7	; 247
     77a:	7f 4f       	sbci	r23, 0xFF	; 255
     77c:	cb 01       	movw	r24, r22
     77e:	0e 94 71 05 	call	0xae2	; 0xae2 <__pack_f>
     782:	68 96       	adiw	r28, 0x18	; 24
     784:	ea e0       	ldi	r30, 0x0A	; 10
     786:	0c 94 83 13 	jmp	0x2706	; 0x2706 <__epilogue_restores__+0x10>

0000078a <__gtsf2>:
     78a:	a8 e1       	ldi	r26, 0x18	; 24
     78c:	b0 e0       	ldi	r27, 0x00	; 0
     78e:	eb ec       	ldi	r30, 0xCB	; 203
     790:	f3 e0       	ldi	r31, 0x03	; 3
     792:	0c 94 6b 13 	jmp	0x26d6	; 0x26d6 <__prologue_saves__+0x18>
     796:	69 83       	std	Y+1, r22	; 0x01
     798:	7a 83       	std	Y+2, r23	; 0x02
     79a:	8b 83       	std	Y+3, r24	; 0x03
     79c:	9c 83       	std	Y+4, r25	; 0x04
     79e:	2d 83       	std	Y+5, r18	; 0x05
     7a0:	3e 83       	std	Y+6, r19	; 0x06
     7a2:	4f 83       	std	Y+7, r20	; 0x07
     7a4:	58 87       	std	Y+8, r21	; 0x08
     7a6:	89 e0       	ldi	r24, 0x09	; 9
     7a8:	e8 2e       	mov	r14, r24
     7aa:	f1 2c       	mov	r15, r1
     7ac:	ec 0e       	add	r14, r28
     7ae:	fd 1e       	adc	r15, r29
     7b0:	ce 01       	movw	r24, r28
     7b2:	01 96       	adiw	r24, 0x01	; 1
     7b4:	b7 01       	movw	r22, r14
     7b6:	0e 94 46 06 	call	0xc8c	; 0xc8c <__unpack_f>
     7ba:	8e 01       	movw	r16, r28
     7bc:	0f 5e       	subi	r16, 0xEF	; 239
     7be:	1f 4f       	sbci	r17, 0xFF	; 255
     7c0:	ce 01       	movw	r24, r28
     7c2:	05 96       	adiw	r24, 0x05	; 5
     7c4:	b8 01       	movw	r22, r16
     7c6:	0e 94 46 06 	call	0xc8c	; 0xc8c <__unpack_f>
     7ca:	89 85       	ldd	r24, Y+9	; 0x09
     7cc:	82 30       	cpi	r24, 0x02	; 2
     7ce:	40 f0       	brcs	.+16     	; 0x7e0 <__gtsf2+0x56>
     7d0:	89 89       	ldd	r24, Y+17	; 0x11
     7d2:	82 30       	cpi	r24, 0x02	; 2
     7d4:	28 f0       	brcs	.+10     	; 0x7e0 <__gtsf2+0x56>
     7d6:	c7 01       	movw	r24, r14
     7d8:	b8 01       	movw	r22, r16
     7da:	0e 94 be 06 	call	0xd7c	; 0xd7c <__fpcmp_parts_f>
     7de:	01 c0       	rjmp	.+2      	; 0x7e2 <__gtsf2+0x58>
     7e0:	8f ef       	ldi	r24, 0xFF	; 255
     7e2:	68 96       	adiw	r28, 0x18	; 24
     7e4:	e6 e0       	ldi	r30, 0x06	; 6
     7e6:	0c 94 87 13 	jmp	0x270e	; 0x270e <__epilogue_restores__+0x18>

000007ea <__gesf2>:
     7ea:	a8 e1       	ldi	r26, 0x18	; 24
     7ec:	b0 e0       	ldi	r27, 0x00	; 0
     7ee:	eb ef       	ldi	r30, 0xFB	; 251
     7f0:	f3 e0       	ldi	r31, 0x03	; 3
     7f2:	0c 94 6b 13 	jmp	0x26d6	; 0x26d6 <__prologue_saves__+0x18>
     7f6:	69 83       	std	Y+1, r22	; 0x01
     7f8:	7a 83       	std	Y+2, r23	; 0x02
     7fa:	8b 83       	std	Y+3, r24	; 0x03
     7fc:	9c 83       	std	Y+4, r25	; 0x04
     7fe:	2d 83       	std	Y+5, r18	; 0x05
     800:	3e 83       	std	Y+6, r19	; 0x06
     802:	4f 83       	std	Y+7, r20	; 0x07
     804:	58 87       	std	Y+8, r21	; 0x08
     806:	89 e0       	ldi	r24, 0x09	; 9
     808:	e8 2e       	mov	r14, r24
     80a:	f1 2c       	mov	r15, r1
     80c:	ec 0e       	add	r14, r28
     80e:	fd 1e       	adc	r15, r29
     810:	ce 01       	movw	r24, r28
     812:	01 96       	adiw	r24, 0x01	; 1
     814:	b7 01       	movw	r22, r14
     816:	0e 94 46 06 	call	0xc8c	; 0xc8c <__unpack_f>
     81a:	8e 01       	movw	r16, r28
     81c:	0f 5e       	subi	r16, 0xEF	; 239
     81e:	1f 4f       	sbci	r17, 0xFF	; 255
     820:	ce 01       	movw	r24, r28
     822:	05 96       	adiw	r24, 0x05	; 5
     824:	b8 01       	movw	r22, r16
     826:	0e 94 46 06 	call	0xc8c	; 0xc8c <__unpack_f>
     82a:	89 85       	ldd	r24, Y+9	; 0x09
     82c:	82 30       	cpi	r24, 0x02	; 2
     82e:	40 f0       	brcs	.+16     	; 0x840 <__gesf2+0x56>
     830:	89 89       	ldd	r24, Y+17	; 0x11
     832:	82 30       	cpi	r24, 0x02	; 2
     834:	28 f0       	brcs	.+10     	; 0x840 <__gesf2+0x56>
     836:	c7 01       	movw	r24, r14
     838:	b8 01       	movw	r22, r16
     83a:	0e 94 be 06 	call	0xd7c	; 0xd7c <__fpcmp_parts_f>
     83e:	01 c0       	rjmp	.+2      	; 0x842 <__gesf2+0x58>
     840:	8f ef       	ldi	r24, 0xFF	; 255
     842:	68 96       	adiw	r28, 0x18	; 24
     844:	e6 e0       	ldi	r30, 0x06	; 6
     846:	0c 94 87 13 	jmp	0x270e	; 0x270e <__epilogue_restores__+0x18>

0000084a <__ltsf2>:
     84a:	a8 e1       	ldi	r26, 0x18	; 24
     84c:	b0 e0       	ldi	r27, 0x00	; 0
     84e:	eb e2       	ldi	r30, 0x2B	; 43
     850:	f4 e0       	ldi	r31, 0x04	; 4
     852:	0c 94 6b 13 	jmp	0x26d6	; 0x26d6 <__prologue_saves__+0x18>
     856:	69 83       	std	Y+1, r22	; 0x01
     858:	7a 83       	std	Y+2, r23	; 0x02
     85a:	8b 83       	std	Y+3, r24	; 0x03
     85c:	9c 83       	std	Y+4, r25	; 0x04
     85e:	2d 83       	std	Y+5, r18	; 0x05
     860:	3e 83       	std	Y+6, r19	; 0x06
     862:	4f 83       	std	Y+7, r20	; 0x07
     864:	58 87       	std	Y+8, r21	; 0x08
     866:	89 e0       	ldi	r24, 0x09	; 9
     868:	e8 2e       	mov	r14, r24
     86a:	f1 2c       	mov	r15, r1
     86c:	ec 0e       	add	r14, r28
     86e:	fd 1e       	adc	r15, r29
     870:	ce 01       	movw	r24, r28
     872:	01 96       	adiw	r24, 0x01	; 1
     874:	b7 01       	movw	r22, r14
     876:	0e 94 46 06 	call	0xc8c	; 0xc8c <__unpack_f>
     87a:	8e 01       	movw	r16, r28
     87c:	0f 5e       	subi	r16, 0xEF	; 239
     87e:	1f 4f       	sbci	r17, 0xFF	; 255
     880:	ce 01       	movw	r24, r28
     882:	05 96       	adiw	r24, 0x05	; 5
     884:	b8 01       	movw	r22, r16
     886:	0e 94 46 06 	call	0xc8c	; 0xc8c <__unpack_f>
     88a:	89 85       	ldd	r24, Y+9	; 0x09
     88c:	82 30       	cpi	r24, 0x02	; 2
     88e:	40 f0       	brcs	.+16     	; 0x8a0 <__stack+0x41>
     890:	89 89       	ldd	r24, Y+17	; 0x11
     892:	82 30       	cpi	r24, 0x02	; 2
     894:	28 f0       	brcs	.+10     	; 0x8a0 <__stack+0x41>
     896:	c7 01       	movw	r24, r14
     898:	b8 01       	movw	r22, r16
     89a:	0e 94 be 06 	call	0xd7c	; 0xd7c <__fpcmp_parts_f>
     89e:	01 c0       	rjmp	.+2      	; 0x8a2 <__stack+0x43>
     8a0:	81 e0       	ldi	r24, 0x01	; 1
     8a2:	68 96       	adiw	r28, 0x18	; 24
     8a4:	e6 e0       	ldi	r30, 0x06	; 6
     8a6:	0c 94 87 13 	jmp	0x270e	; 0x270e <__epilogue_restores__+0x18>

000008aa <__fixsfsi>:
     8aa:	ac e0       	ldi	r26, 0x0C	; 12
     8ac:	b0 e0       	ldi	r27, 0x00	; 0
     8ae:	eb e5       	ldi	r30, 0x5B	; 91
     8b0:	f4 e0       	ldi	r31, 0x04	; 4
     8b2:	0c 94 6f 13 	jmp	0x26de	; 0x26de <__prologue_saves__+0x20>
     8b6:	69 83       	std	Y+1, r22	; 0x01
     8b8:	7a 83       	std	Y+2, r23	; 0x02
     8ba:	8b 83       	std	Y+3, r24	; 0x03
     8bc:	9c 83       	std	Y+4, r25	; 0x04
     8be:	ce 01       	movw	r24, r28
     8c0:	01 96       	adiw	r24, 0x01	; 1
     8c2:	be 01       	movw	r22, r28
     8c4:	6b 5f       	subi	r22, 0xFB	; 251
     8c6:	7f 4f       	sbci	r23, 0xFF	; 255
     8c8:	0e 94 46 06 	call	0xc8c	; 0xc8c <__unpack_f>
     8cc:	8d 81       	ldd	r24, Y+5	; 0x05
     8ce:	82 30       	cpi	r24, 0x02	; 2
     8d0:	61 f1       	breq	.+88     	; 0x92a <__fixsfsi+0x80>
     8d2:	82 30       	cpi	r24, 0x02	; 2
     8d4:	50 f1       	brcs	.+84     	; 0x92a <__fixsfsi+0x80>
     8d6:	84 30       	cpi	r24, 0x04	; 4
     8d8:	21 f4       	brne	.+8      	; 0x8e2 <__fixsfsi+0x38>
     8da:	8e 81       	ldd	r24, Y+6	; 0x06
     8dc:	88 23       	and	r24, r24
     8de:	51 f1       	breq	.+84     	; 0x934 <__fixsfsi+0x8a>
     8e0:	2e c0       	rjmp	.+92     	; 0x93e <__fixsfsi+0x94>
     8e2:	2f 81       	ldd	r18, Y+7	; 0x07
     8e4:	38 85       	ldd	r19, Y+8	; 0x08
     8e6:	37 fd       	sbrc	r19, 7
     8e8:	20 c0       	rjmp	.+64     	; 0x92a <__fixsfsi+0x80>
     8ea:	6e 81       	ldd	r22, Y+6	; 0x06
     8ec:	2f 31       	cpi	r18, 0x1F	; 31
     8ee:	31 05       	cpc	r19, r1
     8f0:	1c f0       	brlt	.+6      	; 0x8f8 <__fixsfsi+0x4e>
     8f2:	66 23       	and	r22, r22
     8f4:	f9 f0       	breq	.+62     	; 0x934 <__fixsfsi+0x8a>
     8f6:	23 c0       	rjmp	.+70     	; 0x93e <__fixsfsi+0x94>
     8f8:	8e e1       	ldi	r24, 0x1E	; 30
     8fa:	90 e0       	ldi	r25, 0x00	; 0
     8fc:	82 1b       	sub	r24, r18
     8fe:	93 0b       	sbc	r25, r19
     900:	29 85       	ldd	r18, Y+9	; 0x09
     902:	3a 85       	ldd	r19, Y+10	; 0x0a
     904:	4b 85       	ldd	r20, Y+11	; 0x0b
     906:	5c 85       	ldd	r21, Y+12	; 0x0c
     908:	04 c0       	rjmp	.+8      	; 0x912 <__fixsfsi+0x68>
     90a:	56 95       	lsr	r21
     90c:	47 95       	ror	r20
     90e:	37 95       	ror	r19
     910:	27 95       	ror	r18
     912:	8a 95       	dec	r24
     914:	d2 f7       	brpl	.-12     	; 0x90a <__fixsfsi+0x60>
     916:	66 23       	and	r22, r22
     918:	b1 f0       	breq	.+44     	; 0x946 <__fixsfsi+0x9c>
     91a:	50 95       	com	r21
     91c:	40 95       	com	r20
     91e:	30 95       	com	r19
     920:	21 95       	neg	r18
     922:	3f 4f       	sbci	r19, 0xFF	; 255
     924:	4f 4f       	sbci	r20, 0xFF	; 255
     926:	5f 4f       	sbci	r21, 0xFF	; 255
     928:	0e c0       	rjmp	.+28     	; 0x946 <__fixsfsi+0x9c>
     92a:	20 e0       	ldi	r18, 0x00	; 0
     92c:	30 e0       	ldi	r19, 0x00	; 0
     92e:	40 e0       	ldi	r20, 0x00	; 0
     930:	50 e0       	ldi	r21, 0x00	; 0
     932:	09 c0       	rjmp	.+18     	; 0x946 <__fixsfsi+0x9c>
     934:	2f ef       	ldi	r18, 0xFF	; 255
     936:	3f ef       	ldi	r19, 0xFF	; 255
     938:	4f ef       	ldi	r20, 0xFF	; 255
     93a:	5f e7       	ldi	r21, 0x7F	; 127
     93c:	04 c0       	rjmp	.+8      	; 0x946 <__fixsfsi+0x9c>
     93e:	20 e0       	ldi	r18, 0x00	; 0
     940:	30 e0       	ldi	r19, 0x00	; 0
     942:	40 e0       	ldi	r20, 0x00	; 0
     944:	50 e8       	ldi	r21, 0x80	; 128
     946:	b9 01       	movw	r22, r18
     948:	ca 01       	movw	r24, r20
     94a:	2c 96       	adiw	r28, 0x0c	; 12
     94c:	e2 e0       	ldi	r30, 0x02	; 2
     94e:	0c 94 8b 13 	jmp	0x2716	; 0x2716 <__epilogue_restores__+0x20>

00000952 <__floatunsisf>:
     952:	a8 e0       	ldi	r26, 0x08	; 8
     954:	b0 e0       	ldi	r27, 0x00	; 0
     956:	ef ea       	ldi	r30, 0xAF	; 175
     958:	f4 e0       	ldi	r31, 0x04	; 4
     95a:	0c 94 67 13 	jmp	0x26ce	; 0x26ce <__prologue_saves__+0x10>
     95e:	7b 01       	movw	r14, r22
     960:	8c 01       	movw	r16, r24
     962:	61 15       	cp	r22, r1
     964:	71 05       	cpc	r23, r1
     966:	81 05       	cpc	r24, r1
     968:	91 05       	cpc	r25, r1
     96a:	19 f4       	brne	.+6      	; 0x972 <__floatunsisf+0x20>
     96c:	82 e0       	ldi	r24, 0x02	; 2
     96e:	89 83       	std	Y+1, r24	; 0x01
     970:	60 c0       	rjmp	.+192    	; 0xa32 <__floatunsisf+0xe0>
     972:	83 e0       	ldi	r24, 0x03	; 3
     974:	89 83       	std	Y+1, r24	; 0x01
     976:	8e e1       	ldi	r24, 0x1E	; 30
     978:	c8 2e       	mov	r12, r24
     97a:	d1 2c       	mov	r13, r1
     97c:	dc 82       	std	Y+4, r13	; 0x04
     97e:	cb 82       	std	Y+3, r12	; 0x03
     980:	ed 82       	std	Y+5, r14	; 0x05
     982:	fe 82       	std	Y+6, r15	; 0x06
     984:	0f 83       	std	Y+7, r16	; 0x07
     986:	18 87       	std	Y+8, r17	; 0x08
     988:	c8 01       	movw	r24, r16
     98a:	b7 01       	movw	r22, r14
     98c:	0e 94 22 05 	call	0xa44	; 0xa44 <__clzsi2>
     990:	fc 01       	movw	r30, r24
     992:	31 97       	sbiw	r30, 0x01	; 1
     994:	f7 ff       	sbrs	r31, 7
     996:	3b c0       	rjmp	.+118    	; 0xa0e <__floatunsisf+0xbc>
     998:	22 27       	eor	r18, r18
     99a:	33 27       	eor	r19, r19
     99c:	2e 1b       	sub	r18, r30
     99e:	3f 0b       	sbc	r19, r31
     9a0:	57 01       	movw	r10, r14
     9a2:	68 01       	movw	r12, r16
     9a4:	02 2e       	mov	r0, r18
     9a6:	04 c0       	rjmp	.+8      	; 0x9b0 <__floatunsisf+0x5e>
     9a8:	d6 94       	lsr	r13
     9aa:	c7 94       	ror	r12
     9ac:	b7 94       	ror	r11
     9ae:	a7 94       	ror	r10
     9b0:	0a 94       	dec	r0
     9b2:	d2 f7       	brpl	.-12     	; 0x9a8 <__floatunsisf+0x56>
     9b4:	40 e0       	ldi	r20, 0x00	; 0
     9b6:	50 e0       	ldi	r21, 0x00	; 0
     9b8:	60 e0       	ldi	r22, 0x00	; 0
     9ba:	70 e0       	ldi	r23, 0x00	; 0
     9bc:	81 e0       	ldi	r24, 0x01	; 1
     9be:	90 e0       	ldi	r25, 0x00	; 0
     9c0:	a0 e0       	ldi	r26, 0x00	; 0
     9c2:	b0 e0       	ldi	r27, 0x00	; 0
     9c4:	04 c0       	rjmp	.+8      	; 0x9ce <__floatunsisf+0x7c>
     9c6:	88 0f       	add	r24, r24
     9c8:	99 1f       	adc	r25, r25
     9ca:	aa 1f       	adc	r26, r26
     9cc:	bb 1f       	adc	r27, r27
     9ce:	2a 95       	dec	r18
     9d0:	d2 f7       	brpl	.-12     	; 0x9c6 <__floatunsisf+0x74>
     9d2:	01 97       	sbiw	r24, 0x01	; 1
     9d4:	a1 09       	sbc	r26, r1
     9d6:	b1 09       	sbc	r27, r1
     9d8:	8e 21       	and	r24, r14
     9da:	9f 21       	and	r25, r15
     9dc:	a0 23       	and	r26, r16
     9de:	b1 23       	and	r27, r17
     9e0:	00 97       	sbiw	r24, 0x00	; 0
     9e2:	a1 05       	cpc	r26, r1
     9e4:	b1 05       	cpc	r27, r1
     9e6:	21 f0       	breq	.+8      	; 0x9f0 <__floatunsisf+0x9e>
     9e8:	41 e0       	ldi	r20, 0x01	; 1
     9ea:	50 e0       	ldi	r21, 0x00	; 0
     9ec:	60 e0       	ldi	r22, 0x00	; 0
     9ee:	70 e0       	ldi	r23, 0x00	; 0
     9f0:	4a 29       	or	r20, r10
     9f2:	5b 29       	or	r21, r11
     9f4:	6c 29       	or	r22, r12
     9f6:	7d 29       	or	r23, r13
     9f8:	4d 83       	std	Y+5, r20	; 0x05
     9fa:	5e 83       	std	Y+6, r21	; 0x06
     9fc:	6f 83       	std	Y+7, r22	; 0x07
     9fe:	78 87       	std	Y+8, r23	; 0x08
     a00:	8e e1       	ldi	r24, 0x1E	; 30
     a02:	90 e0       	ldi	r25, 0x00	; 0
     a04:	8e 1b       	sub	r24, r30
     a06:	9f 0b       	sbc	r25, r31
     a08:	9c 83       	std	Y+4, r25	; 0x04
     a0a:	8b 83       	std	Y+3, r24	; 0x03
     a0c:	12 c0       	rjmp	.+36     	; 0xa32 <__floatunsisf+0xe0>
     a0e:	30 97       	sbiw	r30, 0x00	; 0
     a10:	81 f0       	breq	.+32     	; 0xa32 <__floatunsisf+0xe0>
     a12:	0e 2e       	mov	r0, r30
     a14:	04 c0       	rjmp	.+8      	; 0xa1e <__floatunsisf+0xcc>
     a16:	ee 0c       	add	r14, r14
     a18:	ff 1c       	adc	r15, r15
     a1a:	00 1f       	adc	r16, r16
     a1c:	11 1f       	adc	r17, r17
     a1e:	0a 94       	dec	r0
     a20:	d2 f7       	brpl	.-12     	; 0xa16 <__floatunsisf+0xc4>
     a22:	ed 82       	std	Y+5, r14	; 0x05
     a24:	fe 82       	std	Y+6, r15	; 0x06
     a26:	0f 83       	std	Y+7, r16	; 0x07
     a28:	18 87       	std	Y+8, r17	; 0x08
     a2a:	ce 1a       	sub	r12, r30
     a2c:	df 0a       	sbc	r13, r31
     a2e:	dc 82       	std	Y+4, r13	; 0x04
     a30:	cb 82       	std	Y+3, r12	; 0x03
     a32:	1a 82       	std	Y+2, r1	; 0x02
     a34:	ce 01       	movw	r24, r28
     a36:	01 96       	adiw	r24, 0x01	; 1
     a38:	0e 94 71 05 	call	0xae2	; 0xae2 <__pack_f>
     a3c:	28 96       	adiw	r28, 0x08	; 8
     a3e:	ea e0       	ldi	r30, 0x0A	; 10
     a40:	0c 94 83 13 	jmp	0x2706	; 0x2706 <__epilogue_restores__+0x10>

00000a44 <__clzsi2>:
     a44:	ef 92       	push	r14
     a46:	ff 92       	push	r15
     a48:	0f 93       	push	r16
     a4a:	1f 93       	push	r17
     a4c:	7b 01       	movw	r14, r22
     a4e:	8c 01       	movw	r16, r24
     a50:	80 e0       	ldi	r24, 0x00	; 0
     a52:	e8 16       	cp	r14, r24
     a54:	80 e0       	ldi	r24, 0x00	; 0
     a56:	f8 06       	cpc	r15, r24
     a58:	81 e0       	ldi	r24, 0x01	; 1
     a5a:	08 07       	cpc	r16, r24
     a5c:	80 e0       	ldi	r24, 0x00	; 0
     a5e:	18 07       	cpc	r17, r24
     a60:	88 f4       	brcc	.+34     	; 0xa84 <__clzsi2+0x40>
     a62:	8f ef       	ldi	r24, 0xFF	; 255
     a64:	e8 16       	cp	r14, r24
     a66:	f1 04       	cpc	r15, r1
     a68:	01 05       	cpc	r16, r1
     a6a:	11 05       	cpc	r17, r1
     a6c:	31 f0       	breq	.+12     	; 0xa7a <__clzsi2+0x36>
     a6e:	28 f0       	brcs	.+10     	; 0xa7a <__clzsi2+0x36>
     a70:	88 e0       	ldi	r24, 0x08	; 8
     a72:	90 e0       	ldi	r25, 0x00	; 0
     a74:	a0 e0       	ldi	r26, 0x00	; 0
     a76:	b0 e0       	ldi	r27, 0x00	; 0
     a78:	17 c0       	rjmp	.+46     	; 0xaa8 <__clzsi2+0x64>
     a7a:	80 e0       	ldi	r24, 0x00	; 0
     a7c:	90 e0       	ldi	r25, 0x00	; 0
     a7e:	a0 e0       	ldi	r26, 0x00	; 0
     a80:	b0 e0       	ldi	r27, 0x00	; 0
     a82:	12 c0       	rjmp	.+36     	; 0xaa8 <__clzsi2+0x64>
     a84:	80 e0       	ldi	r24, 0x00	; 0
     a86:	e8 16       	cp	r14, r24
     a88:	80 e0       	ldi	r24, 0x00	; 0
     a8a:	f8 06       	cpc	r15, r24
     a8c:	80 e0       	ldi	r24, 0x00	; 0
     a8e:	08 07       	cpc	r16, r24
     a90:	81 e0       	ldi	r24, 0x01	; 1
     a92:	18 07       	cpc	r17, r24
     a94:	28 f0       	brcs	.+10     	; 0xaa0 <__clzsi2+0x5c>
     a96:	88 e1       	ldi	r24, 0x18	; 24
     a98:	90 e0       	ldi	r25, 0x00	; 0
     a9a:	a0 e0       	ldi	r26, 0x00	; 0
     a9c:	b0 e0       	ldi	r27, 0x00	; 0
     a9e:	04 c0       	rjmp	.+8      	; 0xaa8 <__clzsi2+0x64>
     aa0:	80 e1       	ldi	r24, 0x10	; 16
     aa2:	90 e0       	ldi	r25, 0x00	; 0
     aa4:	a0 e0       	ldi	r26, 0x00	; 0
     aa6:	b0 e0       	ldi	r27, 0x00	; 0
     aa8:	20 e2       	ldi	r18, 0x20	; 32
     aaa:	30 e0       	ldi	r19, 0x00	; 0
     aac:	40 e0       	ldi	r20, 0x00	; 0
     aae:	50 e0       	ldi	r21, 0x00	; 0
     ab0:	28 1b       	sub	r18, r24
     ab2:	39 0b       	sbc	r19, r25
     ab4:	4a 0b       	sbc	r20, r26
     ab6:	5b 0b       	sbc	r21, r27
     ab8:	04 c0       	rjmp	.+8      	; 0xac2 <__clzsi2+0x7e>
     aba:	16 95       	lsr	r17
     abc:	07 95       	ror	r16
     abe:	f7 94       	ror	r15
     ac0:	e7 94       	ror	r14
     ac2:	8a 95       	dec	r24
     ac4:	d2 f7       	brpl	.-12     	; 0xaba <__clzsi2+0x76>
     ac6:	f7 01       	movw	r30, r14
     ac8:	e0 55       	subi	r30, 0x50	; 80
     aca:	ff 4f       	sbci	r31, 0xFF	; 255
     acc:	80 81       	ld	r24, Z
     ace:	28 1b       	sub	r18, r24
     ad0:	31 09       	sbc	r19, r1
     ad2:	41 09       	sbc	r20, r1
     ad4:	51 09       	sbc	r21, r1
     ad6:	c9 01       	movw	r24, r18
     ad8:	1f 91       	pop	r17
     ada:	0f 91       	pop	r16
     adc:	ff 90       	pop	r15
     ade:	ef 90       	pop	r14
     ae0:	08 95       	ret

00000ae2 <__pack_f>:
     ae2:	df 92       	push	r13
     ae4:	ef 92       	push	r14
     ae6:	ff 92       	push	r15
     ae8:	0f 93       	push	r16
     aea:	1f 93       	push	r17
     aec:	fc 01       	movw	r30, r24
     aee:	e4 80       	ldd	r14, Z+4	; 0x04
     af0:	f5 80       	ldd	r15, Z+5	; 0x05
     af2:	06 81       	ldd	r16, Z+6	; 0x06
     af4:	17 81       	ldd	r17, Z+7	; 0x07
     af6:	d1 80       	ldd	r13, Z+1	; 0x01
     af8:	80 81       	ld	r24, Z
     afa:	82 30       	cpi	r24, 0x02	; 2
     afc:	48 f4       	brcc	.+18     	; 0xb10 <__pack_f+0x2e>
     afe:	80 e0       	ldi	r24, 0x00	; 0
     b00:	90 e0       	ldi	r25, 0x00	; 0
     b02:	a0 e1       	ldi	r26, 0x10	; 16
     b04:	b0 e0       	ldi	r27, 0x00	; 0
     b06:	e8 2a       	or	r14, r24
     b08:	f9 2a       	or	r15, r25
     b0a:	0a 2b       	or	r16, r26
     b0c:	1b 2b       	or	r17, r27
     b0e:	a5 c0       	rjmp	.+330    	; 0xc5a <__pack_f+0x178>
     b10:	84 30       	cpi	r24, 0x04	; 4
     b12:	09 f4       	brne	.+2      	; 0xb16 <__pack_f+0x34>
     b14:	9f c0       	rjmp	.+318    	; 0xc54 <__pack_f+0x172>
     b16:	82 30       	cpi	r24, 0x02	; 2
     b18:	21 f4       	brne	.+8      	; 0xb22 <__pack_f+0x40>
     b1a:	ee 24       	eor	r14, r14
     b1c:	ff 24       	eor	r15, r15
     b1e:	87 01       	movw	r16, r14
     b20:	05 c0       	rjmp	.+10     	; 0xb2c <__pack_f+0x4a>
     b22:	e1 14       	cp	r14, r1
     b24:	f1 04       	cpc	r15, r1
     b26:	01 05       	cpc	r16, r1
     b28:	11 05       	cpc	r17, r1
     b2a:	19 f4       	brne	.+6      	; 0xb32 <__pack_f+0x50>
     b2c:	e0 e0       	ldi	r30, 0x00	; 0
     b2e:	f0 e0       	ldi	r31, 0x00	; 0
     b30:	96 c0       	rjmp	.+300    	; 0xc5e <__pack_f+0x17c>
     b32:	62 81       	ldd	r22, Z+2	; 0x02
     b34:	73 81       	ldd	r23, Z+3	; 0x03
     b36:	9f ef       	ldi	r25, 0xFF	; 255
     b38:	62 38       	cpi	r22, 0x82	; 130
     b3a:	79 07       	cpc	r23, r25
     b3c:	0c f0       	brlt	.+2      	; 0xb40 <__pack_f+0x5e>
     b3e:	5b c0       	rjmp	.+182    	; 0xbf6 <__pack_f+0x114>
     b40:	22 e8       	ldi	r18, 0x82	; 130
     b42:	3f ef       	ldi	r19, 0xFF	; 255
     b44:	26 1b       	sub	r18, r22
     b46:	37 0b       	sbc	r19, r23
     b48:	2a 31       	cpi	r18, 0x1A	; 26
     b4a:	31 05       	cpc	r19, r1
     b4c:	2c f0       	brlt	.+10     	; 0xb58 <__pack_f+0x76>
     b4e:	20 e0       	ldi	r18, 0x00	; 0
     b50:	30 e0       	ldi	r19, 0x00	; 0
     b52:	40 e0       	ldi	r20, 0x00	; 0
     b54:	50 e0       	ldi	r21, 0x00	; 0
     b56:	2a c0       	rjmp	.+84     	; 0xbac <__pack_f+0xca>
     b58:	b8 01       	movw	r22, r16
     b5a:	a7 01       	movw	r20, r14
     b5c:	02 2e       	mov	r0, r18
     b5e:	04 c0       	rjmp	.+8      	; 0xb68 <__pack_f+0x86>
     b60:	76 95       	lsr	r23
     b62:	67 95       	ror	r22
     b64:	57 95       	ror	r21
     b66:	47 95       	ror	r20
     b68:	0a 94       	dec	r0
     b6a:	d2 f7       	brpl	.-12     	; 0xb60 <__pack_f+0x7e>
     b6c:	81 e0       	ldi	r24, 0x01	; 1
     b6e:	90 e0       	ldi	r25, 0x00	; 0
     b70:	a0 e0       	ldi	r26, 0x00	; 0
     b72:	b0 e0       	ldi	r27, 0x00	; 0
     b74:	04 c0       	rjmp	.+8      	; 0xb7e <__pack_f+0x9c>
     b76:	88 0f       	add	r24, r24
     b78:	99 1f       	adc	r25, r25
     b7a:	aa 1f       	adc	r26, r26
     b7c:	bb 1f       	adc	r27, r27
     b7e:	2a 95       	dec	r18
     b80:	d2 f7       	brpl	.-12     	; 0xb76 <__pack_f+0x94>
     b82:	01 97       	sbiw	r24, 0x01	; 1
     b84:	a1 09       	sbc	r26, r1
     b86:	b1 09       	sbc	r27, r1
     b88:	8e 21       	and	r24, r14
     b8a:	9f 21       	and	r25, r15
     b8c:	a0 23       	and	r26, r16
     b8e:	b1 23       	and	r27, r17
     b90:	00 97       	sbiw	r24, 0x00	; 0
     b92:	a1 05       	cpc	r26, r1
     b94:	b1 05       	cpc	r27, r1
     b96:	21 f0       	breq	.+8      	; 0xba0 <__pack_f+0xbe>
     b98:	81 e0       	ldi	r24, 0x01	; 1
     b9a:	90 e0       	ldi	r25, 0x00	; 0
     b9c:	a0 e0       	ldi	r26, 0x00	; 0
     b9e:	b0 e0       	ldi	r27, 0x00	; 0
     ba0:	9a 01       	movw	r18, r20
     ba2:	ab 01       	movw	r20, r22
     ba4:	28 2b       	or	r18, r24
     ba6:	39 2b       	or	r19, r25
     ba8:	4a 2b       	or	r20, r26
     baa:	5b 2b       	or	r21, r27
     bac:	da 01       	movw	r26, r20
     bae:	c9 01       	movw	r24, r18
     bb0:	8f 77       	andi	r24, 0x7F	; 127
     bb2:	90 70       	andi	r25, 0x00	; 0
     bb4:	a0 70       	andi	r26, 0x00	; 0
     bb6:	b0 70       	andi	r27, 0x00	; 0
     bb8:	80 34       	cpi	r24, 0x40	; 64
     bba:	91 05       	cpc	r25, r1
     bbc:	a1 05       	cpc	r26, r1
     bbe:	b1 05       	cpc	r27, r1
     bc0:	39 f4       	brne	.+14     	; 0xbd0 <__pack_f+0xee>
     bc2:	27 ff       	sbrs	r18, 7
     bc4:	09 c0       	rjmp	.+18     	; 0xbd8 <__pack_f+0xf6>
     bc6:	20 5c       	subi	r18, 0xC0	; 192
     bc8:	3f 4f       	sbci	r19, 0xFF	; 255
     bca:	4f 4f       	sbci	r20, 0xFF	; 255
     bcc:	5f 4f       	sbci	r21, 0xFF	; 255
     bce:	04 c0       	rjmp	.+8      	; 0xbd8 <__pack_f+0xf6>
     bd0:	21 5c       	subi	r18, 0xC1	; 193
     bd2:	3f 4f       	sbci	r19, 0xFF	; 255
     bd4:	4f 4f       	sbci	r20, 0xFF	; 255
     bd6:	5f 4f       	sbci	r21, 0xFF	; 255
     bd8:	e0 e0       	ldi	r30, 0x00	; 0
     bda:	f0 e0       	ldi	r31, 0x00	; 0
     bdc:	20 30       	cpi	r18, 0x00	; 0
     bde:	a0 e0       	ldi	r26, 0x00	; 0
     be0:	3a 07       	cpc	r19, r26
     be2:	a0 e0       	ldi	r26, 0x00	; 0
     be4:	4a 07       	cpc	r20, r26
     be6:	a0 e4       	ldi	r26, 0x40	; 64
     be8:	5a 07       	cpc	r21, r26
     bea:	10 f0       	brcs	.+4      	; 0xbf0 <__pack_f+0x10e>
     bec:	e1 e0       	ldi	r30, 0x01	; 1
     bee:	f0 e0       	ldi	r31, 0x00	; 0
     bf0:	79 01       	movw	r14, r18
     bf2:	8a 01       	movw	r16, r20
     bf4:	27 c0       	rjmp	.+78     	; 0xc44 <__pack_f+0x162>
     bf6:	60 38       	cpi	r22, 0x80	; 128
     bf8:	71 05       	cpc	r23, r1
     bfa:	64 f5       	brge	.+88     	; 0xc54 <__pack_f+0x172>
     bfc:	fb 01       	movw	r30, r22
     bfe:	e1 58       	subi	r30, 0x81	; 129
     c00:	ff 4f       	sbci	r31, 0xFF	; 255
     c02:	d8 01       	movw	r26, r16
     c04:	c7 01       	movw	r24, r14
     c06:	8f 77       	andi	r24, 0x7F	; 127
     c08:	90 70       	andi	r25, 0x00	; 0
     c0a:	a0 70       	andi	r26, 0x00	; 0
     c0c:	b0 70       	andi	r27, 0x00	; 0
     c0e:	80 34       	cpi	r24, 0x40	; 64
     c10:	91 05       	cpc	r25, r1
     c12:	a1 05       	cpc	r26, r1
     c14:	b1 05       	cpc	r27, r1
     c16:	39 f4       	brne	.+14     	; 0xc26 <__pack_f+0x144>
     c18:	e7 fe       	sbrs	r14, 7
     c1a:	0d c0       	rjmp	.+26     	; 0xc36 <__pack_f+0x154>
     c1c:	80 e4       	ldi	r24, 0x40	; 64
     c1e:	90 e0       	ldi	r25, 0x00	; 0
     c20:	a0 e0       	ldi	r26, 0x00	; 0
     c22:	b0 e0       	ldi	r27, 0x00	; 0
     c24:	04 c0       	rjmp	.+8      	; 0xc2e <__pack_f+0x14c>
     c26:	8f e3       	ldi	r24, 0x3F	; 63
     c28:	90 e0       	ldi	r25, 0x00	; 0
     c2a:	a0 e0       	ldi	r26, 0x00	; 0
     c2c:	b0 e0       	ldi	r27, 0x00	; 0
     c2e:	e8 0e       	add	r14, r24
     c30:	f9 1e       	adc	r15, r25
     c32:	0a 1f       	adc	r16, r26
     c34:	1b 1f       	adc	r17, r27
     c36:	17 ff       	sbrs	r17, 7
     c38:	05 c0       	rjmp	.+10     	; 0xc44 <__pack_f+0x162>
     c3a:	16 95       	lsr	r17
     c3c:	07 95       	ror	r16
     c3e:	f7 94       	ror	r15
     c40:	e7 94       	ror	r14
     c42:	31 96       	adiw	r30, 0x01	; 1
     c44:	87 e0       	ldi	r24, 0x07	; 7
     c46:	16 95       	lsr	r17
     c48:	07 95       	ror	r16
     c4a:	f7 94       	ror	r15
     c4c:	e7 94       	ror	r14
     c4e:	8a 95       	dec	r24
     c50:	d1 f7       	brne	.-12     	; 0xc46 <__pack_f+0x164>
     c52:	05 c0       	rjmp	.+10     	; 0xc5e <__pack_f+0x17c>
     c54:	ee 24       	eor	r14, r14
     c56:	ff 24       	eor	r15, r15
     c58:	87 01       	movw	r16, r14
     c5a:	ef ef       	ldi	r30, 0xFF	; 255
     c5c:	f0 e0       	ldi	r31, 0x00	; 0
     c5e:	6e 2f       	mov	r22, r30
     c60:	67 95       	ror	r22
     c62:	66 27       	eor	r22, r22
     c64:	67 95       	ror	r22
     c66:	90 2f       	mov	r25, r16
     c68:	9f 77       	andi	r25, 0x7F	; 127
     c6a:	d7 94       	ror	r13
     c6c:	dd 24       	eor	r13, r13
     c6e:	d7 94       	ror	r13
     c70:	8e 2f       	mov	r24, r30
     c72:	86 95       	lsr	r24
     c74:	49 2f       	mov	r20, r25
     c76:	46 2b       	or	r20, r22
     c78:	58 2f       	mov	r21, r24
     c7a:	5d 29       	or	r21, r13
     c7c:	b7 01       	movw	r22, r14
     c7e:	ca 01       	movw	r24, r20
     c80:	1f 91       	pop	r17
     c82:	0f 91       	pop	r16
     c84:	ff 90       	pop	r15
     c86:	ef 90       	pop	r14
     c88:	df 90       	pop	r13
     c8a:	08 95       	ret

00000c8c <__unpack_f>:
     c8c:	fc 01       	movw	r30, r24
     c8e:	db 01       	movw	r26, r22
     c90:	40 81       	ld	r20, Z
     c92:	51 81       	ldd	r21, Z+1	; 0x01
     c94:	22 81       	ldd	r18, Z+2	; 0x02
     c96:	62 2f       	mov	r22, r18
     c98:	6f 77       	andi	r22, 0x7F	; 127
     c9a:	70 e0       	ldi	r23, 0x00	; 0
     c9c:	22 1f       	adc	r18, r18
     c9e:	22 27       	eor	r18, r18
     ca0:	22 1f       	adc	r18, r18
     ca2:	93 81       	ldd	r25, Z+3	; 0x03
     ca4:	89 2f       	mov	r24, r25
     ca6:	88 0f       	add	r24, r24
     ca8:	82 2b       	or	r24, r18
     caa:	28 2f       	mov	r18, r24
     cac:	30 e0       	ldi	r19, 0x00	; 0
     cae:	99 1f       	adc	r25, r25
     cb0:	99 27       	eor	r25, r25
     cb2:	99 1f       	adc	r25, r25
     cb4:	11 96       	adiw	r26, 0x01	; 1
     cb6:	9c 93       	st	X, r25
     cb8:	11 97       	sbiw	r26, 0x01	; 1
     cba:	21 15       	cp	r18, r1
     cbc:	31 05       	cpc	r19, r1
     cbe:	a9 f5       	brne	.+106    	; 0xd2a <__unpack_f+0x9e>
     cc0:	41 15       	cp	r20, r1
     cc2:	51 05       	cpc	r21, r1
     cc4:	61 05       	cpc	r22, r1
     cc6:	71 05       	cpc	r23, r1
     cc8:	11 f4       	brne	.+4      	; 0xcce <__unpack_f+0x42>
     cca:	82 e0       	ldi	r24, 0x02	; 2
     ccc:	37 c0       	rjmp	.+110    	; 0xd3c <__unpack_f+0xb0>
     cce:	82 e8       	ldi	r24, 0x82	; 130
     cd0:	9f ef       	ldi	r25, 0xFF	; 255
     cd2:	13 96       	adiw	r26, 0x03	; 3
     cd4:	9c 93       	st	X, r25
     cd6:	8e 93       	st	-X, r24
     cd8:	12 97       	sbiw	r26, 0x02	; 2
     cda:	9a 01       	movw	r18, r20
     cdc:	ab 01       	movw	r20, r22
     cde:	67 e0       	ldi	r22, 0x07	; 7
     ce0:	22 0f       	add	r18, r18
     ce2:	33 1f       	adc	r19, r19
     ce4:	44 1f       	adc	r20, r20
     ce6:	55 1f       	adc	r21, r21
     ce8:	6a 95       	dec	r22
     cea:	d1 f7       	brne	.-12     	; 0xce0 <__unpack_f+0x54>
     cec:	83 e0       	ldi	r24, 0x03	; 3
     cee:	8c 93       	st	X, r24
     cf0:	0d c0       	rjmp	.+26     	; 0xd0c <__unpack_f+0x80>
     cf2:	22 0f       	add	r18, r18
     cf4:	33 1f       	adc	r19, r19
     cf6:	44 1f       	adc	r20, r20
     cf8:	55 1f       	adc	r21, r21
     cfa:	12 96       	adiw	r26, 0x02	; 2
     cfc:	8d 91       	ld	r24, X+
     cfe:	9c 91       	ld	r25, X
     d00:	13 97       	sbiw	r26, 0x03	; 3
     d02:	01 97       	sbiw	r24, 0x01	; 1
     d04:	13 96       	adiw	r26, 0x03	; 3
     d06:	9c 93       	st	X, r25
     d08:	8e 93       	st	-X, r24
     d0a:	12 97       	sbiw	r26, 0x02	; 2
     d0c:	20 30       	cpi	r18, 0x00	; 0
     d0e:	80 e0       	ldi	r24, 0x00	; 0
     d10:	38 07       	cpc	r19, r24
     d12:	80 e0       	ldi	r24, 0x00	; 0
     d14:	48 07       	cpc	r20, r24
     d16:	80 e4       	ldi	r24, 0x40	; 64
     d18:	58 07       	cpc	r21, r24
     d1a:	58 f3       	brcs	.-42     	; 0xcf2 <__unpack_f+0x66>
     d1c:	14 96       	adiw	r26, 0x04	; 4
     d1e:	2d 93       	st	X+, r18
     d20:	3d 93       	st	X+, r19
     d22:	4d 93       	st	X+, r20
     d24:	5c 93       	st	X, r21
     d26:	17 97       	sbiw	r26, 0x07	; 7
     d28:	08 95       	ret
     d2a:	2f 3f       	cpi	r18, 0xFF	; 255
     d2c:	31 05       	cpc	r19, r1
     d2e:	79 f4       	brne	.+30     	; 0xd4e <__unpack_f+0xc2>
     d30:	41 15       	cp	r20, r1
     d32:	51 05       	cpc	r21, r1
     d34:	61 05       	cpc	r22, r1
     d36:	71 05       	cpc	r23, r1
     d38:	19 f4       	brne	.+6      	; 0xd40 <__unpack_f+0xb4>
     d3a:	84 e0       	ldi	r24, 0x04	; 4
     d3c:	8c 93       	st	X, r24
     d3e:	08 95       	ret
     d40:	64 ff       	sbrs	r22, 4
     d42:	03 c0       	rjmp	.+6      	; 0xd4a <__unpack_f+0xbe>
     d44:	81 e0       	ldi	r24, 0x01	; 1
     d46:	8c 93       	st	X, r24
     d48:	12 c0       	rjmp	.+36     	; 0xd6e <__unpack_f+0xe2>
     d4a:	1c 92       	st	X, r1
     d4c:	10 c0       	rjmp	.+32     	; 0xd6e <__unpack_f+0xe2>
     d4e:	2f 57       	subi	r18, 0x7F	; 127
     d50:	30 40       	sbci	r19, 0x00	; 0
     d52:	13 96       	adiw	r26, 0x03	; 3
     d54:	3c 93       	st	X, r19
     d56:	2e 93       	st	-X, r18
     d58:	12 97       	sbiw	r26, 0x02	; 2
     d5a:	83 e0       	ldi	r24, 0x03	; 3
     d5c:	8c 93       	st	X, r24
     d5e:	87 e0       	ldi	r24, 0x07	; 7
     d60:	44 0f       	add	r20, r20
     d62:	55 1f       	adc	r21, r21
     d64:	66 1f       	adc	r22, r22
     d66:	77 1f       	adc	r23, r23
     d68:	8a 95       	dec	r24
     d6a:	d1 f7       	brne	.-12     	; 0xd60 <__unpack_f+0xd4>
     d6c:	70 64       	ori	r23, 0x40	; 64
     d6e:	14 96       	adiw	r26, 0x04	; 4
     d70:	4d 93       	st	X+, r20
     d72:	5d 93       	st	X+, r21
     d74:	6d 93       	st	X+, r22
     d76:	7c 93       	st	X, r23
     d78:	17 97       	sbiw	r26, 0x07	; 7
     d7a:	08 95       	ret

00000d7c <__fpcmp_parts_f>:
     d7c:	1f 93       	push	r17
     d7e:	dc 01       	movw	r26, r24
     d80:	fb 01       	movw	r30, r22
     d82:	9c 91       	ld	r25, X
     d84:	92 30       	cpi	r25, 0x02	; 2
     d86:	08 f4       	brcc	.+2      	; 0xd8a <__fpcmp_parts_f+0xe>
     d88:	47 c0       	rjmp	.+142    	; 0xe18 <__fpcmp_parts_f+0x9c>
     d8a:	80 81       	ld	r24, Z
     d8c:	82 30       	cpi	r24, 0x02	; 2
     d8e:	08 f4       	brcc	.+2      	; 0xd92 <__fpcmp_parts_f+0x16>
     d90:	43 c0       	rjmp	.+134    	; 0xe18 <__fpcmp_parts_f+0x9c>
     d92:	94 30       	cpi	r25, 0x04	; 4
     d94:	51 f4       	brne	.+20     	; 0xdaa <__fpcmp_parts_f+0x2e>
     d96:	11 96       	adiw	r26, 0x01	; 1
     d98:	1c 91       	ld	r17, X
     d9a:	84 30       	cpi	r24, 0x04	; 4
     d9c:	99 f5       	brne	.+102    	; 0xe04 <__fpcmp_parts_f+0x88>
     d9e:	81 81       	ldd	r24, Z+1	; 0x01
     da0:	68 2f       	mov	r22, r24
     da2:	70 e0       	ldi	r23, 0x00	; 0
     da4:	61 1b       	sub	r22, r17
     da6:	71 09       	sbc	r23, r1
     da8:	3f c0       	rjmp	.+126    	; 0xe28 <__fpcmp_parts_f+0xac>
     daa:	84 30       	cpi	r24, 0x04	; 4
     dac:	21 f0       	breq	.+8      	; 0xdb6 <__fpcmp_parts_f+0x3a>
     dae:	92 30       	cpi	r25, 0x02	; 2
     db0:	31 f4       	brne	.+12     	; 0xdbe <__fpcmp_parts_f+0x42>
     db2:	82 30       	cpi	r24, 0x02	; 2
     db4:	b9 f1       	breq	.+110    	; 0xe24 <__fpcmp_parts_f+0xa8>
     db6:	81 81       	ldd	r24, Z+1	; 0x01
     db8:	88 23       	and	r24, r24
     dba:	89 f1       	breq	.+98     	; 0xe1e <__fpcmp_parts_f+0xa2>
     dbc:	2d c0       	rjmp	.+90     	; 0xe18 <__fpcmp_parts_f+0x9c>
     dbe:	11 96       	adiw	r26, 0x01	; 1
     dc0:	1c 91       	ld	r17, X
     dc2:	11 97       	sbiw	r26, 0x01	; 1
     dc4:	82 30       	cpi	r24, 0x02	; 2
     dc6:	f1 f0       	breq	.+60     	; 0xe04 <__fpcmp_parts_f+0x88>
     dc8:	81 81       	ldd	r24, Z+1	; 0x01
     dca:	18 17       	cp	r17, r24
     dcc:	d9 f4       	brne	.+54     	; 0xe04 <__fpcmp_parts_f+0x88>
     dce:	12 96       	adiw	r26, 0x02	; 2
     dd0:	2d 91       	ld	r18, X+
     dd2:	3c 91       	ld	r19, X
     dd4:	13 97       	sbiw	r26, 0x03	; 3
     dd6:	82 81       	ldd	r24, Z+2	; 0x02
     dd8:	93 81       	ldd	r25, Z+3	; 0x03
     dda:	82 17       	cp	r24, r18
     ddc:	93 07       	cpc	r25, r19
     dde:	94 f0       	brlt	.+36     	; 0xe04 <__fpcmp_parts_f+0x88>
     de0:	28 17       	cp	r18, r24
     de2:	39 07       	cpc	r19, r25
     de4:	bc f0       	brlt	.+46     	; 0xe14 <__fpcmp_parts_f+0x98>
     de6:	14 96       	adiw	r26, 0x04	; 4
     de8:	8d 91       	ld	r24, X+
     dea:	9d 91       	ld	r25, X+
     dec:	0d 90       	ld	r0, X+
     dee:	bc 91       	ld	r27, X
     df0:	a0 2d       	mov	r26, r0
     df2:	24 81       	ldd	r18, Z+4	; 0x04
     df4:	35 81       	ldd	r19, Z+5	; 0x05
     df6:	46 81       	ldd	r20, Z+6	; 0x06
     df8:	57 81       	ldd	r21, Z+7	; 0x07
     dfa:	28 17       	cp	r18, r24
     dfc:	39 07       	cpc	r19, r25
     dfe:	4a 07       	cpc	r20, r26
     e00:	5b 07       	cpc	r21, r27
     e02:	18 f4       	brcc	.+6      	; 0xe0a <__fpcmp_parts_f+0x8e>
     e04:	11 23       	and	r17, r17
     e06:	41 f0       	breq	.+16     	; 0xe18 <__fpcmp_parts_f+0x9c>
     e08:	0a c0       	rjmp	.+20     	; 0xe1e <__fpcmp_parts_f+0xa2>
     e0a:	82 17       	cp	r24, r18
     e0c:	93 07       	cpc	r25, r19
     e0e:	a4 07       	cpc	r26, r20
     e10:	b5 07       	cpc	r27, r21
     e12:	40 f4       	brcc	.+16     	; 0xe24 <__fpcmp_parts_f+0xa8>
     e14:	11 23       	and	r17, r17
     e16:	19 f0       	breq	.+6      	; 0xe1e <__fpcmp_parts_f+0xa2>
     e18:	61 e0       	ldi	r22, 0x01	; 1
     e1a:	70 e0       	ldi	r23, 0x00	; 0
     e1c:	05 c0       	rjmp	.+10     	; 0xe28 <__fpcmp_parts_f+0xac>
     e1e:	6f ef       	ldi	r22, 0xFF	; 255
     e20:	7f ef       	ldi	r23, 0xFF	; 255
     e22:	02 c0       	rjmp	.+4      	; 0xe28 <__fpcmp_parts_f+0xac>
     e24:	60 e0       	ldi	r22, 0x00	; 0
     e26:	70 e0       	ldi	r23, 0x00	; 0
     e28:	cb 01       	movw	r24, r22
     e2a:	1f 91       	pop	r17
     e2c:	08 95       	ret

00000e2e <ADC_init>:
 */
#include"common_macros.h"
#include"gpio.h"
#include"ADC.h"
#include<avr/io.h>
void ADC_init(void){
     e2e:	df 93       	push	r29
     e30:	cf 93       	push	r28
     e32:	cd b7       	in	r28, 0x3d	; 61
     e34:	de b7       	in	r29, 0x3e	; 62
	// internal 2.56V Reference
	SET_BIT(ADMUX,REFS0); //BIT 6
     e36:	a7 e2       	ldi	r26, 0x27	; 39
     e38:	b0 e0       	ldi	r27, 0x00	; 0
     e3a:	e7 e2       	ldi	r30, 0x27	; 39
     e3c:	f0 e0       	ldi	r31, 0x00	; 0
     e3e:	80 81       	ld	r24, Z
     e40:	80 64       	ori	r24, 0x40	; 64
     e42:	8c 93       	st	X, r24
	SET_BIT(ADMUX,REFS1); //BIT 7
     e44:	a7 e2       	ldi	r26, 0x27	; 39
     e46:	b0 e0       	ldi	r27, 0x00	; 0
     e48:	e7 e2       	ldi	r30, 0x27	; 39
     e4a:	f0 e0       	ldi	r31, 0x00	; 0
     e4c:	80 81       	ld	r24, Z
     e4e:	80 68       	ori	r24, 0x80	; 128
     e50:	8c 93       	st	X, r24

	// choose channel__ 1
	SET_BIT(ADMUX,MUX0); //BIT 0
     e52:	a7 e2       	ldi	r26, 0x27	; 39
     e54:	b0 e0       	ldi	r27, 0x00	; 0
     e56:	e7 e2       	ldi	r30, 0x27	; 39
     e58:	f0 e0       	ldi	r31, 0x00	; 0
     e5a:	80 81       	ld	r24, Z
     e5c:	81 60       	ori	r24, 0x01	; 1
     e5e:	8c 93       	st	X, r24
	SET_BIT(ADCSRA ,ADEN);// Enable ADC
     e60:	a6 e2       	ldi	r26, 0x26	; 38
     e62:	b0 e0       	ldi	r27, 0x00	; 0
     e64:	e6 e2       	ldi	r30, 0x26	; 38
     e66:	f0 e0       	ldi	r31, 0x00	; 0
     e68:	80 81       	ld	r24, Z
     e6a:	80 68       	ori	r24, 0x80	; 128
     e6c:	8c 93       	st	X, r24
	CLEAR_BIT(ADCSRA , ADIE); //  ADC Interrupt DisEnable
     e6e:	a6 e2       	ldi	r26, 0x26	; 38
     e70:	b0 e0       	ldi	r27, 0x00	; 0
     e72:	e6 e2       	ldi	r30, 0x26	; 38
     e74:	f0 e0       	ldi	r31, 0x00	; 0
     e76:	80 81       	ld	r24, Z
     e78:	87 7f       	andi	r24, 0xF7	; 247
     e7a:	8c 93       	st	X, r24

    // ADC Prescaler Selections
	SET_BIT(ADCSRA,ADPS0);
     e7c:	a6 e2       	ldi	r26, 0x26	; 38
     e7e:	b0 e0       	ldi	r27, 0x00	; 0
     e80:	e6 e2       	ldi	r30, 0x26	; 38
     e82:	f0 e0       	ldi	r31, 0x00	; 0
     e84:	80 81       	ld	r24, Z
     e86:	81 60       	ori	r24, 0x01	; 1
     e88:	8c 93       	st	X, r24
	SET_BIT(ADCSRA,ADPS1);
     e8a:	a6 e2       	ldi	r26, 0x26	; 38
     e8c:	b0 e0       	ldi	r27, 0x00	; 0
     e8e:	e6 e2       	ldi	r30, 0x26	; 38
     e90:	f0 e0       	ldi	r31, 0x00	; 0
     e92:	80 81       	ld	r24, Z
     e94:	82 60       	ori	r24, 0x02	; 2
     e96:	8c 93       	st	X, r24
	SET_BIT(ADCSRA,ADPS2);
     e98:	a6 e2       	ldi	r26, 0x26	; 38
     e9a:	b0 e0       	ldi	r27, 0x00	; 0
     e9c:	e6 e2       	ldi	r30, 0x26	; 38
     e9e:	f0 e0       	ldi	r31, 0x00	; 0
     ea0:	80 81       	ld	r24, Z
     ea2:	84 60       	ori	r24, 0x04	; 4
     ea4:	8c 93       	st	X, r24
}
     ea6:	cf 91       	pop	r28
     ea8:	df 91       	pop	r29
     eaa:	08 95       	ret

00000eac <ADC_readChannel>:
uint16 ADC_readChannel(uint8 ch_num){
     eac:	df 93       	push	r29
     eae:	cf 93       	push	r28
     eb0:	0f 92       	push	r0
     eb2:	cd b7       	in	r28, 0x3d	; 61
     eb4:	de b7       	in	r29, 0x3e	; 62
     eb6:	89 83       	std	Y+1, r24	; 0x01
	ADMUX = (ADMUX & 0xE0)|(ch_num & 0X07);
     eb8:	a7 e2       	ldi	r26, 0x27	; 39
     eba:	b0 e0       	ldi	r27, 0x00	; 0
     ebc:	e7 e2       	ldi	r30, 0x27	; 39
     ebe:	f0 e0       	ldi	r31, 0x00	; 0
     ec0:	80 81       	ld	r24, Z
     ec2:	98 2f       	mov	r25, r24
     ec4:	90 7e       	andi	r25, 0xE0	; 224
     ec6:	89 81       	ldd	r24, Y+1	; 0x01
     ec8:	87 70       	andi	r24, 0x07	; 7
     eca:	89 2b       	or	r24, r25
     ecc:	8c 93       	st	X, r24
	/*ch_num &=0x07;
	ADMUX = 0xE0 ;//        1110 0000
	ADMUX = ADMUX | ch_num ;*/

	SET_BIT(ADCSRA , ADSC);// ADC Start Conversion
     ece:	a6 e2       	ldi	r26, 0x26	; 38
     ed0:	b0 e0       	ldi	r27, 0x00	; 0
     ed2:	e6 e2       	ldi	r30, 0x26	; 38
     ed4:	f0 e0       	ldi	r31, 0x00	; 0
     ed6:	80 81       	ld	r24, Z
     ed8:	80 64       	ori	r24, 0x40	; 64
     eda:	8c 93       	st	X, r24

	while(BIT_IS_CLEAR(ADCSRA, ADIF));
     edc:	e6 e2       	ldi	r30, 0x26	; 38
     ede:	f0 e0       	ldi	r31, 0x00	; 0
     ee0:	80 81       	ld	r24, Z
     ee2:	88 2f       	mov	r24, r24
     ee4:	90 e0       	ldi	r25, 0x00	; 0
     ee6:	80 71       	andi	r24, 0x10	; 16
     ee8:	90 70       	andi	r25, 0x00	; 0
     eea:	00 97       	sbiw	r24, 0x00	; 0
     eec:	b9 f3       	breq	.-18     	; 0xedc <ADC_readChannel+0x30>

	CLEAR_BIT(ADCSRA,ADIF);// ADC Interrupt Flag
     eee:	a6 e2       	ldi	r26, 0x26	; 38
     ef0:	b0 e0       	ldi	r27, 0x00	; 0
     ef2:	e6 e2       	ldi	r30, 0x26	; 38
     ef4:	f0 e0       	ldi	r31, 0x00	; 0
     ef6:	80 81       	ld	r24, Z
     ef8:	8f 7e       	andi	r24, 0xEF	; 239
     efa:	8c 93       	st	X, r24

	return ADC ;
     efc:	e4 e2       	ldi	r30, 0x24	; 36
     efe:	f0 e0       	ldi	r31, 0x00	; 0
     f00:	80 81       	ld	r24, Z
     f02:	91 81       	ldd	r25, Z+1	; 0x01
}
     f04:	0f 90       	pop	r0
     f06:	cf 91       	pop	r28
     f08:	df 91       	pop	r29
     f0a:	08 95       	ret

00000f0c <main>:
#include"Flame_sensor.h"
#include"Buzzer.h"
#include"ADC.h"
#include<util/delay.h>
uint8 Read_Intensity , Read_Flame_Value , read_temp ;
int main(){
     f0c:	df 93       	push	r29
     f0e:	cf 93       	push	r28
     f10:	cd b7       	in	r28, 0x3d	; 61
     f12:	de b7       	in	r29, 0x3e	; 62
	init_Hardware_drivers();
     f14:	0e 94 c8 07 	call	0xf90	; 0xf90 <init_Hardware_drivers>
	while(TRUE){
		Read_Flame_Value=FlameSensor_getValue();
     f18:	0e 94 39 09 	call	0x1272	; 0x1272 <FlameSensor_getValue>
     f1c:	80 93 b2 01 	sts	0x01B2, r24
		if(Read_Flame_Value ){
     f20:	80 91 b2 01 	lds	r24, 0x01B2
     f24:	88 23       	and	r24, r24
     f26:	89 f0       	breq	.+34     	; 0xf4a <main+0x3e>
			Buzzer_on();
     f28:	0e 94 15 09 	call	0x122a	; 0x122a <Buzzer_on>
			LCD_Display_String_ROW_COL(0,0,"Critical alert! ");
     f2c:	20 e6       	ldi	r18, 0x60	; 96
     f2e:	30 e0       	ldi	r19, 0x00	; 0
     f30:	80 e0       	ldi	r24, 0x00	; 0
     f32:	60 e0       	ldi	r22, 0x00	; 0
     f34:	a9 01       	movw	r20, r18
     f36:	0e 94 2d 0e 	call	0x1c5a	; 0x1c5a <LCD_Display_String_ROW_COL>
			LCD_Display_String_ROW_COL(1,0,"                ");
     f3a:	21 e7       	ldi	r18, 0x71	; 113
     f3c:	30 e0       	ldi	r19, 0x00	; 0
     f3e:	81 e0       	ldi	r24, 0x01	; 1
     f40:	60 e0       	ldi	r22, 0x00	; 0
     f42:	a9 01       	movw	r20, r18
     f44:	0e 94 2d 0e 	call	0x1c5a	; 0x1c5a <LCD_Display_String_ROW_COL>
     f48:	e7 cf       	rjmp	.-50     	; 0xf18 <main+0xc>
		}else{
			Buzzer_off();
     f4a:	0e 94 21 09 	call	0x1242	; 0x1242 <Buzzer_off>
			Read_Intensity=LDR_getLightIntensity();
     f4e:	0e 94 73 0e 	call	0x1ce6	; 0x1ce6 <LDR_getLightIntensity>
     f52:	80 93 b0 01 	sts	0x01B0, r24
			read_temp = LM35_getTemperature();
     f56:	0e 94 e7 12 	call	0x25ce	; 0x25ce <LM35_getTemperature>
     f5a:	80 93 b1 01 	sts	0x01B1, r24
			LDR_LIGHT(Read_Intensity);
     f5e:	80 91 b0 01 	lds	r24, 0x01B0
     f62:	88 2f       	mov	r24, r24
     f64:	90 e0       	ldi	r25, 0x00	; 0
     f66:	0e 94 a4 08 	call	0x1148	; 0x1148 <LDR_LIGHT>
			CONTROL_FAN_BY_TEMP(read_temp);
     f6a:	80 91 b1 01 	lds	r24, 0x01B1
     f6e:	88 2f       	mov	r24, r24
     f70:	90 e0       	ldi	r25, 0x00	; 0
     f72:	0e 94 1c 08 	call	0x1038	; 0x1038 <CONTROL_FAN_BY_TEMP>
			display(read_temp,Read_Intensity);
     f76:	80 91 b1 01 	lds	r24, 0x01B1
     f7a:	48 2f       	mov	r20, r24
     f7c:	50 e0       	ldi	r21, 0x00	; 0
     f7e:	80 91 b0 01 	lds	r24, 0x01B0
     f82:	28 2f       	mov	r18, r24
     f84:	30 e0       	ldi	r19, 0x00	; 0
     f86:	ca 01       	movw	r24, r20
     f88:	b9 01       	movw	r22, r18
     f8a:	0e 94 db 07 	call	0xfb6	; 0xfb6 <display>
     f8e:	c4 cf       	rjmp	.-120    	; 0xf18 <main+0xc>

00000f90 <init_Hardware_drivers>:


	}
	return 0 ;
}
void init_Hardware_drivers(void){
     f90:	df 93       	push	r29
     f92:	cf 93       	push	r28
     f94:	cd b7       	in	r28, 0x3d	; 61
     f96:	de b7       	in	r29, 0x3e	; 62
	LEDS_init();
     f98:	0e 94 ba 0e 	call	0x1d74	; 0x1d74 <LEDS_init>
	LCD_init();
     f9c:	0e 94 26 0d 	call	0x1a4c	; 0x1a4c <LCD_init>
	ADC_init();
     fa0:	0e 94 17 07 	call	0xe2e	; 0xe2e <ADC_init>
	Buzzer_init();
     fa4:	0e 94 09 09 	call	0x1212	; 0x1212 <Buzzer_init>
	FlameSensor_init();
     fa8:	0e 94 2d 09 	call	0x125a	; 0x125a <FlameSensor_init>
	DcMotor_Init();
     fac:	0e 94 11 0f 	call	0x1e22	; 0x1e22 <DcMotor_Init>
}
     fb0:	cf 91       	pop	r28
     fb2:	df 91       	pop	r29
     fb4:	08 95       	ret

00000fb6 <display>:
void display(uint8 TEMP , uint8 LIGHT){
     fb6:	df 93       	push	r29
     fb8:	cf 93       	push	r28
     fba:	00 d0       	rcall	.+0      	; 0xfbc <display+0x6>
     fbc:	cd b7       	in	r28, 0x3d	; 61
     fbe:	de b7       	in	r29, 0x3e	; 62
     fc0:	89 83       	std	Y+1, r24	; 0x01
     fc2:	6a 83       	std	Y+2, r22	; 0x02
	LCD_Display_String_ROW_COL(0,0,"   ");
     fc4:	22 e8       	ldi	r18, 0x82	; 130
     fc6:	30 e0       	ldi	r19, 0x00	; 0
     fc8:	80 e0       	ldi	r24, 0x00	; 0
     fca:	60 e0       	ldi	r22, 0x00	; 0
     fcc:	a9 01       	movw	r20, r18
     fce:	0e 94 2d 0e 	call	0x1c5a	; 0x1c5a <LCD_Display_String_ROW_COL>
	LCD_Display_String_ROW_COL(0,14," ");
     fd2:	26 e8       	ldi	r18, 0x86	; 134
     fd4:	30 e0       	ldi	r19, 0x00	; 0
     fd6:	80 e0       	ldi	r24, 0x00	; 0
     fd8:	6e e0       	ldi	r22, 0x0E	; 14
     fda:	a9 01       	movw	r20, r18
     fdc:	0e 94 2d 0e 	call	0x1c5a	; 0x1c5a <LCD_Display_String_ROW_COL>
	LCD_Display_String_ROW_COL(1,0,"TEMP=");
     fe0:	28 e8       	ldi	r18, 0x88	; 136
     fe2:	30 e0       	ldi	r19, 0x00	; 0
     fe4:	81 e0       	ldi	r24, 0x01	; 1
     fe6:	60 e0       	ldi	r22, 0x00	; 0
     fe8:	a9 01       	movw	r20, r18
     fea:	0e 94 2d 0e 	call	0x1c5a	; 0x1c5a <LCD_Display_String_ROW_COL>
	LCD_Display_String_ROW_COL(1,8,"LDR=");
     fee:	2e e8       	ldi	r18, 0x8E	; 142
     ff0:	30 e0       	ldi	r19, 0x00	; 0
     ff2:	81 e0       	ldi	r24, 0x01	; 1
     ff4:	68 e0       	ldi	r22, 0x08	; 8
     ff6:	a9 01       	movw	r20, r18
     ff8:	0e 94 2d 0e 	call	0x1c5a	; 0x1c5a <LCD_Display_String_ROW_COL>
	LCD_MOVE_Cursor(1,15);
     ffc:	81 e0       	ldi	r24, 0x01	; 1
     ffe:	6f e0       	ldi	r22, 0x0F	; 15
    1000:	0e 94 eb 0d 	call	0x1bd6	; 0x1bd6 <LCD_MOVE_Cursor>
	LCD_displayCharacter('%');
    1004:	85 e2       	ldi	r24, 0x25	; 37
    1006:	0e 94 37 0b 	call	0x166e	; 0x166e <LCD_displayCharacter>
	LCD_MOVE_Cursor(1,5);
    100a:	81 e0       	ldi	r24, 0x01	; 1
    100c:	65 e0       	ldi	r22, 0x05	; 5
    100e:	0e 94 eb 0d 	call	0x1bd6	; 0x1bd6 <LCD_MOVE_Cursor>
	LCD_Intger_TO_String(TEMP);
    1012:	89 81       	ldd	r24, Y+1	; 0x01
    1014:	88 2f       	mov	r24, r24
    1016:	90 e0       	ldi	r25, 0x00	; 0
    1018:	0e 94 50 0e 	call	0x1ca0	; 0x1ca0 <LCD_Intger_TO_String>
	LCD_MOVE_Cursor(1,12);
    101c:	81 e0       	ldi	r24, 0x01	; 1
    101e:	6c e0       	ldi	r22, 0x0C	; 12
    1020:	0e 94 eb 0d 	call	0x1bd6	; 0x1bd6 <LCD_MOVE_Cursor>
	LCD_Intger_TO_String(LIGHT);
    1024:	8a 81       	ldd	r24, Y+2	; 0x02
    1026:	88 2f       	mov	r24, r24
    1028:	90 e0       	ldi	r25, 0x00	; 0
    102a:	0e 94 50 0e 	call	0x1ca0	; 0x1ca0 <LCD_Intger_TO_String>

}
    102e:	0f 90       	pop	r0
    1030:	0f 90       	pop	r0
    1032:	cf 91       	pop	r28
    1034:	df 91       	pop	r29
    1036:	08 95       	ret

00001038 <CONTROL_FAN_BY_TEMP>:
void CONTROL_FAN_BY_TEMP(uint8 value_temp){
    1038:	df 93       	push	r29
    103a:	cf 93       	push	r28
    103c:	0f 92       	push	r0
    103e:	cd b7       	in	r28, 0x3d	; 61
    1040:	de b7       	in	r29, 0x3e	; 62
    1042:	89 83       	std	Y+1, r24	; 0x01
	if( read_temp >=100){
    1044:	80 91 b1 01 	lds	r24, 0x01B1
    1048:	84 36       	cpi	r24, 0x64	; 100
    104a:	58 f0       	brcs	.+22     	; 0x1062 <CONTROL_FAN_BY_TEMP+0x2a>
		LCD_MOVE_Cursor(1,5);
    104c:	81 e0       	ldi	r24, 0x01	; 1
    104e:	65 e0       	ldi	r22, 0x05	; 5
    1050:	0e 94 eb 0d 	call	0x1bd6	; 0x1bd6 <LCD_MOVE_Cursor>
		LCD_Intger_TO_String(read_temp);
    1054:	80 91 b1 01 	lds	r24, 0x01B1
    1058:	88 2f       	mov	r24, r24
    105a:	90 e0       	ldi	r25, 0x00	; 0
    105c:	0e 94 50 0e 	call	0x1ca0	; 0x1ca0 <LCD_Intger_TO_String>
    1060:	0d c0       	rjmp	.+26     	; 0x107c <CONTROL_FAN_BY_TEMP+0x44>
	}
	else{
		LCD_MOVE_Cursor(1,5);
    1062:	81 e0       	ldi	r24, 0x01	; 1
    1064:	65 e0       	ldi	r22, 0x05	; 5
    1066:	0e 94 eb 0d 	call	0x1bd6	; 0x1bd6 <LCD_MOVE_Cursor>
		LCD_Intger_TO_String(read_temp);
    106a:	80 91 b1 01 	lds	r24, 0x01B1
    106e:	88 2f       	mov	r24, r24
    1070:	90 e0       	ldi	r25, 0x00	; 0
    1072:	0e 94 50 0e 	call	0x1ca0	; 0x1ca0 <LCD_Intger_TO_String>
		LCD_displayCharacter(' ');
    1076:	80 e2       	ldi	r24, 0x20	; 32
    1078:	0e 94 37 0b 	call	0x166e	; 0x166e <LCD_displayCharacter>
	}
	if((value_temp >=25)&&(value_temp <30)){
    107c:	89 81       	ldd	r24, Y+1	; 0x01
    107e:	89 31       	cpi	r24, 0x19	; 25
    1080:	90 f0       	brcs	.+36     	; 0x10a6 <CONTROL_FAN_BY_TEMP+0x6e>
    1082:	89 81       	ldd	r24, Y+1	; 0x01
    1084:	8e 31       	cpi	r24, 0x1E	; 30
    1086:	78 f4       	brcc	.+30     	; 0x10a6 <CONTROL_FAN_BY_TEMP+0x6e>
		LCD_Display_String_ROW_COL(0,3,"FAN IS ON");
    1088:	23 e9       	ldi	r18, 0x93	; 147
    108a:	30 e0       	ldi	r19, 0x00	; 0
    108c:	80 e0       	ldi	r24, 0x00	; 0
    108e:	63 e0       	ldi	r22, 0x03	; 3
    1090:	a9 01       	movw	r20, r18
    1092:	0e 94 2d 0e 	call	0x1c5a	; 0x1c5a <LCD_Display_String_ROW_COL>
		LCD_displayCharacter(' ');
    1096:	80 e2       	ldi	r24, 0x20	; 32
    1098:	0e 94 37 0b 	call	0x166e	; 0x166e <LCD_displayCharacter>
		DcMotor_Rotate(A_CW ,25);
    109c:	82 e0       	ldi	r24, 0x02	; 2
    109e:	69 e1       	ldi	r22, 0x19	; 25
    10a0:	0e 94 31 0f 	call	0x1e62	; 0x1e62 <DcMotor_Rotate>
    10a4:	4d c0       	rjmp	.+154    	; 0x1140 <CONTROL_FAN_BY_TEMP+0x108>
	}
	else if((value_temp >=30)&&(value_temp <35)){
    10a6:	89 81       	ldd	r24, Y+1	; 0x01
    10a8:	8e 31       	cpi	r24, 0x1E	; 30
    10aa:	90 f0       	brcs	.+36     	; 0x10d0 <CONTROL_FAN_BY_TEMP+0x98>
    10ac:	89 81       	ldd	r24, Y+1	; 0x01
    10ae:	83 32       	cpi	r24, 0x23	; 35
    10b0:	78 f4       	brcc	.+30     	; 0x10d0 <CONTROL_FAN_BY_TEMP+0x98>
		LCD_Display_String_ROW_COL(0,3,"FAN IS ON");
    10b2:	23 e9       	ldi	r18, 0x93	; 147
    10b4:	30 e0       	ldi	r19, 0x00	; 0
    10b6:	80 e0       	ldi	r24, 0x00	; 0
    10b8:	63 e0       	ldi	r22, 0x03	; 3
    10ba:	a9 01       	movw	r20, r18
    10bc:	0e 94 2d 0e 	call	0x1c5a	; 0x1c5a <LCD_Display_String_ROW_COL>
		LCD_displayCharacter(' ');
    10c0:	80 e2       	ldi	r24, 0x20	; 32
    10c2:	0e 94 37 0b 	call	0x166e	; 0x166e <LCD_displayCharacter>
		DcMotor_Rotate(A_CW ,50);
    10c6:	82 e0       	ldi	r24, 0x02	; 2
    10c8:	62 e3       	ldi	r22, 0x32	; 50
    10ca:	0e 94 31 0f 	call	0x1e62	; 0x1e62 <DcMotor_Rotate>
    10ce:	38 c0       	rjmp	.+112    	; 0x1140 <CONTROL_FAN_BY_TEMP+0x108>
	}
	else if((value_temp >=35)&&(value_temp <40)){
    10d0:	89 81       	ldd	r24, Y+1	; 0x01
    10d2:	83 32       	cpi	r24, 0x23	; 35
    10d4:	90 f0       	brcs	.+36     	; 0x10fa <CONTROL_FAN_BY_TEMP+0xc2>
    10d6:	89 81       	ldd	r24, Y+1	; 0x01
    10d8:	88 32       	cpi	r24, 0x28	; 40
    10da:	78 f4       	brcc	.+30     	; 0x10fa <CONTROL_FAN_BY_TEMP+0xc2>
		LCD_Display_String_ROW_COL(0,3,"FAN IS ON");
    10dc:	23 e9       	ldi	r18, 0x93	; 147
    10de:	30 e0       	ldi	r19, 0x00	; 0
    10e0:	80 e0       	ldi	r24, 0x00	; 0
    10e2:	63 e0       	ldi	r22, 0x03	; 3
    10e4:	a9 01       	movw	r20, r18
    10e6:	0e 94 2d 0e 	call	0x1c5a	; 0x1c5a <LCD_Display_String_ROW_COL>
		LCD_displayCharacter(' ');
    10ea:	80 e2       	ldi	r24, 0x20	; 32
    10ec:	0e 94 37 0b 	call	0x166e	; 0x166e <LCD_displayCharacter>
		DcMotor_Rotate(A_CW ,75);
    10f0:	82 e0       	ldi	r24, 0x02	; 2
    10f2:	6b e4       	ldi	r22, 0x4B	; 75
    10f4:	0e 94 31 0f 	call	0x1e62	; 0x1e62 <DcMotor_Rotate>
    10f8:	23 c0       	rjmp	.+70     	; 0x1140 <CONTROL_FAN_BY_TEMP+0x108>
	}
	else if((value_temp >=40)){
    10fa:	89 81       	ldd	r24, Y+1	; 0x01
    10fc:	88 32       	cpi	r24, 0x28	; 40
    10fe:	78 f0       	brcs	.+30     	; 0x111e <CONTROL_FAN_BY_TEMP+0xe6>
		LCD_Display_String_ROW_COL(0,3,"FAN IS ON");
    1100:	23 e9       	ldi	r18, 0x93	; 147
    1102:	30 e0       	ldi	r19, 0x00	; 0
    1104:	80 e0       	ldi	r24, 0x00	; 0
    1106:	63 e0       	ldi	r22, 0x03	; 3
    1108:	a9 01       	movw	r20, r18
    110a:	0e 94 2d 0e 	call	0x1c5a	; 0x1c5a <LCD_Display_String_ROW_COL>
		LCD_displayCharacter(' ');
    110e:	80 e2       	ldi	r24, 0x20	; 32
    1110:	0e 94 37 0b 	call	0x166e	; 0x166e <LCD_displayCharacter>
		DcMotor_Rotate(A_CW ,100);
    1114:	82 e0       	ldi	r24, 0x02	; 2
    1116:	64 e6       	ldi	r22, 0x64	; 100
    1118:	0e 94 31 0f 	call	0x1e62	; 0x1e62 <DcMotor_Rotate>
    111c:	11 c0       	rjmp	.+34     	; 0x1140 <CONTROL_FAN_BY_TEMP+0x108>
	}
	else if(value_temp<25){
    111e:	89 81       	ldd	r24, Y+1	; 0x01
    1120:	89 31       	cpi	r24, 0x19	; 25
    1122:	70 f4       	brcc	.+28     	; 0x1140 <CONTROL_FAN_BY_TEMP+0x108>
		LCD_Display_String_ROW_COL(0,3,"FAN IS OFF");
    1124:	2d e9       	ldi	r18, 0x9D	; 157
    1126:	30 e0       	ldi	r19, 0x00	; 0
    1128:	80 e0       	ldi	r24, 0x00	; 0
    112a:	63 e0       	ldi	r22, 0x03	; 3
    112c:	a9 01       	movw	r20, r18
    112e:	0e 94 2d 0e 	call	0x1c5a	; 0x1c5a <LCD_Display_String_ROW_COL>
		LCD_displayCharacter(' ');
    1132:	80 e2       	ldi	r24, 0x20	; 32
    1134:	0e 94 37 0b 	call	0x166e	; 0x166e <LCD_displayCharacter>
		DcMotor_Rotate(A_CW ,0);
    1138:	82 e0       	ldi	r24, 0x02	; 2
    113a:	60 e0       	ldi	r22, 0x00	; 0
    113c:	0e 94 31 0f 	call	0x1e62	; 0x1e62 <DcMotor_Rotate>
	}
}
    1140:	0f 90       	pop	r0
    1142:	cf 91       	pop	r28
    1144:	df 91       	pop	r29
    1146:	08 95       	ret

00001148 <LDR_LIGHT>:


void LDR_LIGHT(uint8 value){
    1148:	df 93       	push	r29
    114a:	cf 93       	push	r28
    114c:	0f 92       	push	r0
    114e:	cd b7       	in	r28, 0x3d	; 61
    1150:	de b7       	in	r29, 0x3e	; 62
    1152:	89 83       	std	Y+1, r24	; 0x01
	if( Read_Intensity >=100){
    1154:	80 91 b0 01 	lds	r24, 0x01B0
    1158:	84 36       	cpi	r24, 0x64	; 100
    115a:	58 f0       	brcs	.+22     	; 0x1172 <LDR_LIGHT+0x2a>
		LCD_MOVE_Cursor(1,12);
    115c:	81 e0       	ldi	r24, 0x01	; 1
    115e:	6c e0       	ldi	r22, 0x0C	; 12
    1160:	0e 94 eb 0d 	call	0x1bd6	; 0x1bd6 <LCD_MOVE_Cursor>
		LCD_Intger_TO_String(Read_Intensity);
    1164:	80 91 b0 01 	lds	r24, 0x01B0
    1168:	88 2f       	mov	r24, r24
    116a:	90 e0       	ldi	r25, 0x00	; 0
    116c:	0e 94 50 0e 	call	0x1ca0	; 0x1ca0 <LCD_Intger_TO_String>
    1170:	0d c0       	rjmp	.+26     	; 0x118c <LDR_LIGHT+0x44>
	}
	else{
		LCD_MOVE_Cursor(1,12);
    1172:	81 e0       	ldi	r24, 0x01	; 1
    1174:	6c e0       	ldi	r22, 0x0C	; 12
    1176:	0e 94 eb 0d 	call	0x1bd6	; 0x1bd6 <LCD_MOVE_Cursor>
		LCD_Intger_TO_String(Read_Intensity);
    117a:	80 91 b0 01 	lds	r24, 0x01B0
    117e:	88 2f       	mov	r24, r24
    1180:	90 e0       	ldi	r25, 0x00	; 0
    1182:	0e 94 50 0e 	call	0x1ca0	; 0x1ca0 <LCD_Intger_TO_String>
		LCD_displayCharacter(' ');
    1186:	80 e2       	ldi	r24, 0x20	; 32
    1188:	0e 94 37 0b 	call	0x166e	; 0x166e <LCD_displayCharacter>
	}
	if(Read_Intensity < 15){
    118c:	80 91 b0 01 	lds	r24, 0x01B0
    1190:	8f 30       	cpi	r24, 0x0F	; 15
    1192:	50 f4       	brcc	.+20     	; 0x11a8 <LDR_LIGHT+0x60>
		
		LED_on(led_red);
    1194:	85 e0       	ldi	r24, 0x05	; 5
    1196:	0e 94 df 0e 	call	0x1dbe	; 0x1dbe <LED_on>
		LED_on(led_green);
    119a:	86 e0       	ldi	r24, 0x06	; 6
    119c:	0e 94 df 0e 	call	0x1dbe	; 0x1dbe <LED_on>
		LED_on(led_blue);
    11a0:	87 e0       	ldi	r24, 0x07	; 7
    11a2:	0e 94 df 0e 	call	0x1dbe	; 0x1dbe <LED_on>
    11a6:	31 c0       	rjmp	.+98     	; 0x120a <LDR_LIGHT+0xc2>

	}
	else if((Read_Intensity >= 16) && (Read_Intensity <= 50)){
    11a8:	80 91 b0 01 	lds	r24, 0x01B0
    11ac:	80 31       	cpi	r24, 0x10	; 16
    11ae:	70 f0       	brcs	.+28     	; 0x11cc <LDR_LIGHT+0x84>
    11b0:	80 91 b0 01 	lds	r24, 0x01B0
    11b4:	83 33       	cpi	r24, 0x33	; 51
    11b6:	50 f4       	brcc	.+20     	; 0x11cc <LDR_LIGHT+0x84>
		LED_on(led_red);
    11b8:	85 e0       	ldi	r24, 0x05	; 5
    11ba:	0e 94 df 0e 	call	0x1dbe	; 0x1dbe <LED_on>
		LED_on(led_green);
    11be:	86 e0       	ldi	r24, 0x06	; 6
    11c0:	0e 94 df 0e 	call	0x1dbe	; 0x1dbe <LED_on>
		LED_off(led_blue);
    11c4:	87 e0       	ldi	r24, 0x07	; 7
    11c6:	0e 94 f8 0e 	call	0x1df0	; 0x1df0 <LED_off>
    11ca:	1f c0       	rjmp	.+62     	; 0x120a <LDR_LIGHT+0xc2>
	}
	else if((Read_Intensity >=51) && (Read_Intensity <= 70)){
    11cc:	80 91 b0 01 	lds	r24, 0x01B0
    11d0:	83 33       	cpi	r24, 0x33	; 51
    11d2:	70 f0       	brcs	.+28     	; 0x11f0 <LDR_LIGHT+0xa8>
    11d4:	80 91 b0 01 	lds	r24, 0x01B0
    11d8:	87 34       	cpi	r24, 0x47	; 71
    11da:	50 f4       	brcc	.+20     	; 0x11f0 <LDR_LIGHT+0xa8>
		LED_on(led_red);
    11dc:	85 e0       	ldi	r24, 0x05	; 5
    11de:	0e 94 df 0e 	call	0x1dbe	; 0x1dbe <LED_on>
		LED_off(led_green);
    11e2:	86 e0       	ldi	r24, 0x06	; 6
    11e4:	0e 94 f8 0e 	call	0x1df0	; 0x1df0 <LED_off>
		LED_off(led_blue);
    11e8:	87 e0       	ldi	r24, 0x07	; 7
    11ea:	0e 94 f8 0e 	call	0x1df0	; 0x1df0 <LED_off>
    11ee:	0d c0       	rjmp	.+26     	; 0x120a <LDR_LIGHT+0xc2>
	}else if (Read_Intensity >70){
    11f0:	80 91 b0 01 	lds	r24, 0x01B0
    11f4:	87 34       	cpi	r24, 0x47	; 71
    11f6:	48 f0       	brcs	.+18     	; 0x120a <LDR_LIGHT+0xc2>
		LED_off(led_red);
    11f8:	85 e0       	ldi	r24, 0x05	; 5
    11fa:	0e 94 f8 0e 	call	0x1df0	; 0x1df0 <LED_off>
		LED_off(led_green);
    11fe:	86 e0       	ldi	r24, 0x06	; 6
    1200:	0e 94 f8 0e 	call	0x1df0	; 0x1df0 <LED_off>
		LED_off(led_blue);
    1204:	87 e0       	ldi	r24, 0x07	; 7
    1206:	0e 94 f8 0e 	call	0x1df0	; 0x1df0 <LED_off>
	}
}
    120a:	0f 90       	pop	r0
    120c:	cf 91       	pop	r28
    120e:	df 91       	pop	r29
    1210:	08 95       	ret

00001212 <Buzzer_init>:
 *  Created on: Jun 20, 2025
 *      Author: Eman Sayed
 */
#include"Buzzer.h"
#include"gpio.h"
void Buzzer_init(void){
    1212:	df 93       	push	r29
    1214:	cf 93       	push	r28
    1216:	cd b7       	in	r28, 0x3d	; 61
    1218:	de b7       	in	r29, 0x3e	; 62
//Initializes the buzzer pin direction and turn off the buzzer.
	GPIO_setupPinDirection(PORTD_ID , PIN3_ID , PIN_OUTPUT);
    121a:	83 e0       	ldi	r24, 0x03	; 3
    121c:	63 e0       	ldi	r22, 0x03	; 3
    121e:	41 e0       	ldi	r20, 0x01	; 1
    1220:	0e 94 a5 0f 	call	0x1f4a	; 0x1f4a <GPIO_setupPinDirection>
}
    1224:	cf 91       	pop	r28
    1226:	df 91       	pop	r29
    1228:	08 95       	ret

0000122a <Buzzer_on>:
void Buzzer_on(void){
    122a:	df 93       	push	r29
    122c:	cf 93       	push	r28
    122e:	cd b7       	in	r28, 0x3d	; 61
    1230:	de b7       	in	r29, 0x3e	; 62
//Activates the buzzer.
	GPIO_writePin(PORTD_ID,PIN3_ID,LOGIC_HIGH);
    1232:	83 e0       	ldi	r24, 0x03	; 3
    1234:	63 e0       	ldi	r22, 0x03	; 3
    1236:	41 e0       	ldi	r20, 0x01	; 1
    1238:	0e 94 90 10 	call	0x2120	; 0x2120 <GPIO_writePin>
}
    123c:	cf 91       	pop	r28
    123e:	df 91       	pop	r29
    1240:	08 95       	ret

00001242 <Buzzer_off>:
void Buzzer_off(void){
    1242:	df 93       	push	r29
    1244:	cf 93       	push	r28
    1246:	cd b7       	in	r28, 0x3d	; 61
    1248:	de b7       	in	r29, 0x3e	; 62
	//Deactivates the buzzer.
	GPIO_writePin(PORTD_ID,PIN3_ID,LOGIC_LOW);
    124a:	83 e0       	ldi	r24, 0x03	; 3
    124c:	63 e0       	ldi	r22, 0x03	; 3
    124e:	40 e0       	ldi	r20, 0x00	; 0
    1250:	0e 94 90 10 	call	0x2120	; 0x2120 <GPIO_writePin>
}
    1254:	cf 91       	pop	r28
    1256:	df 91       	pop	r29
    1258:	08 95       	ret

0000125a <FlameSensor_init>:
 *  Created on: Jun 20, 2025
 *      Author: Eman Sayed
 */
#include"Flame_sensor.h"
#include"gpio.h"
void FlameSensor_init(void){
    125a:	df 93       	push	r29
    125c:	cf 93       	push	r28
    125e:	cd b7       	in	r28, 0x3d	; 61
    1260:	de b7       	in	r29, 0x3e	; 62
	//Initializes the flame sensor pin direction.
	GPIO_setupPinDirection(PORTD_ID ,PIN2_ID,PIN_INPUT);
    1262:	83 e0       	ldi	r24, 0x03	; 3
    1264:	62 e0       	ldi	r22, 0x02	; 2
    1266:	40 e0       	ldi	r20, 0x00	; 0
    1268:	0e 94 a5 0f 	call	0x1f4a	; 0x1f4a <GPIO_setupPinDirection>
}
    126c:	cf 91       	pop	r28
    126e:	df 91       	pop	r29
    1270:	08 95       	ret

00001272 <FlameSensor_getValue>:
uint8 FlameSensor_getValue(void){
    1272:	df 93       	push	r29
    1274:	cf 93       	push	r28
    1276:	0f 92       	push	r0
    1278:	cd b7       	in	r28, 0x3d	; 61
    127a:	de b7       	in	r29, 0x3e	; 62
	//Reads the value from the flame sensor and returns it.
	uint8 read_value = GPIO_readPin(PORTD_ID ,PIN2_ID );
    127c:	83 e0       	ldi	r24, 0x03	; 3
    127e:	62 e0       	ldi	r22, 0x02	; 2
    1280:	0e 94 7b 11 	call	0x22f6	; 0x22f6 <GPIO_readPin>
    1284:	89 83       	std	Y+1, r24	; 0x01
	return read_value;
    1286:	89 81       	ldd	r24, Y+1	; 0x01
}
    1288:	0f 90       	pop	r0
    128a:	cf 91       	pop	r28
    128c:	df 91       	pop	r29
    128e:	08 95       	ret

00001290 <LCD_sendCommand>:
 */
#include<util/delay.h>
#include"common_macros.h"
#include"gpio.h"
#include "LCD_Driver.h"
void LCD_sendCommand(uint8 command) {
    1290:	df 93       	push	r29
    1292:	cf 93       	push	r28
    1294:	cd b7       	in	r28, 0x3d	; 61
    1296:	de b7       	in	r29, 0x3e	; 62
    1298:	e9 97       	sbiw	r28, 0x39	; 57
    129a:	0f b6       	in	r0, 0x3f	; 63
    129c:	f8 94       	cli
    129e:	de bf       	out	0x3e, r29	; 62
    12a0:	0f be       	out	0x3f, r0	; 63
    12a2:	cd bf       	out	0x3d, r28	; 61
    12a4:	89 af       	std	Y+57, r24	; 0x39
	GPIO_writePin(PORT_ID_RS, PIN_ID_RS, LOGIC_LOW);
    12a6:	83 e0       	ldi	r24, 0x03	; 3
    12a8:	60 e0       	ldi	r22, 0x00	; 0
    12aa:	40 e0       	ldi	r20, 0x00	; 0
    12ac:	0e 94 90 10 	call	0x2120	; 0x2120 <GPIO_writePin>
    12b0:	80 e0       	ldi	r24, 0x00	; 0
    12b2:	90 e0       	ldi	r25, 0x00	; 0
    12b4:	a0 e8       	ldi	r26, 0x80	; 128
    12b6:	bf e3       	ldi	r27, 0x3F	; 63
    12b8:	8d ab       	std	Y+53, r24	; 0x35
    12ba:	9e ab       	std	Y+54, r25	; 0x36
    12bc:	af ab       	std	Y+55, r26	; 0x37
    12be:	b8 af       	std	Y+56, r27	; 0x38
 */
void
_delay_ms(double __ms)
{
	uint16_t __ticks;
	double __tmp = ((F_CPU) / 4e3) * __ms;
    12c0:	6d a9       	ldd	r22, Y+53	; 0x35
    12c2:	7e a9       	ldd	r23, Y+54	; 0x36
    12c4:	8f a9       	ldd	r24, Y+55	; 0x37
    12c6:	98 ad       	ldd	r25, Y+56	; 0x38
    12c8:	20 e0       	ldi	r18, 0x00	; 0
    12ca:	30 e0       	ldi	r19, 0x00	; 0
    12cc:	4a e7       	ldi	r20, 0x7A	; 122
    12ce:	55 e4       	ldi	r21, 0x45	; 69
    12d0:	0e 94 1f 02 	call	0x43e	; 0x43e <__mulsf3>
    12d4:	dc 01       	movw	r26, r24
    12d6:	cb 01       	movw	r24, r22
    12d8:	89 ab       	std	Y+49, r24	; 0x31
    12da:	9a ab       	std	Y+50, r25	; 0x32
    12dc:	ab ab       	std	Y+51, r26	; 0x33
    12de:	bc ab       	std	Y+52, r27	; 0x34
	if (__tmp < 1.0)
    12e0:	69 a9       	ldd	r22, Y+49	; 0x31
    12e2:	7a a9       	ldd	r23, Y+50	; 0x32
    12e4:	8b a9       	ldd	r24, Y+51	; 0x33
    12e6:	9c a9       	ldd	r25, Y+52	; 0x34
    12e8:	20 e0       	ldi	r18, 0x00	; 0
    12ea:	30 e0       	ldi	r19, 0x00	; 0
    12ec:	40 e8       	ldi	r20, 0x80	; 128
    12ee:	5f e3       	ldi	r21, 0x3F	; 63
    12f0:	0e 94 25 04 	call	0x84a	; 0x84a <__ltsf2>
    12f4:	88 23       	and	r24, r24
    12f6:	2c f4       	brge	.+10     	; 0x1302 <LCD_sendCommand+0x72>
		__ticks = 1;
    12f8:	81 e0       	ldi	r24, 0x01	; 1
    12fa:	90 e0       	ldi	r25, 0x00	; 0
    12fc:	98 ab       	std	Y+48, r25	; 0x30
    12fe:	8f a7       	std	Y+47, r24	; 0x2f
    1300:	3f c0       	rjmp	.+126    	; 0x1380 <LCD_sendCommand+0xf0>
	else if (__tmp > 65535)
    1302:	69 a9       	ldd	r22, Y+49	; 0x31
    1304:	7a a9       	ldd	r23, Y+50	; 0x32
    1306:	8b a9       	ldd	r24, Y+51	; 0x33
    1308:	9c a9       	ldd	r25, Y+52	; 0x34
    130a:	20 e0       	ldi	r18, 0x00	; 0
    130c:	3f ef       	ldi	r19, 0xFF	; 255
    130e:	4f e7       	ldi	r20, 0x7F	; 127
    1310:	57 e4       	ldi	r21, 0x47	; 71
    1312:	0e 94 c5 03 	call	0x78a	; 0x78a <__gtsf2>
    1316:	18 16       	cp	r1, r24
    1318:	4c f5       	brge	.+82     	; 0x136c <LCD_sendCommand+0xdc>
	{
		//	__ticks = requested delay in 1/10 ms
		__ticks = (uint16_t) (__ms * 10.0);
    131a:	6d a9       	ldd	r22, Y+53	; 0x35
    131c:	7e a9       	ldd	r23, Y+54	; 0x36
    131e:	8f a9       	ldd	r24, Y+55	; 0x37
    1320:	98 ad       	ldd	r25, Y+56	; 0x38
    1322:	20 e0       	ldi	r18, 0x00	; 0
    1324:	30 e0       	ldi	r19, 0x00	; 0
    1326:	40 e2       	ldi	r20, 0x20	; 32
    1328:	51 e4       	ldi	r21, 0x41	; 65
    132a:	0e 94 1f 02 	call	0x43e	; 0x43e <__mulsf3>
    132e:	dc 01       	movw	r26, r24
    1330:	cb 01       	movw	r24, r22
    1332:	bc 01       	movw	r22, r24
    1334:	cd 01       	movw	r24, r26
    1336:	0e 94 49 00 	call	0x92	; 0x92 <__fixunssfsi>
    133a:	dc 01       	movw	r26, r24
    133c:	cb 01       	movw	r24, r22
    133e:	98 ab       	std	Y+48, r25	; 0x30
    1340:	8f a7       	std	Y+47, r24	; 0x2f
    1342:	0f c0       	rjmp	.+30     	; 0x1362 <LCD_sendCommand+0xd2>
    1344:	80 e9       	ldi	r24, 0x90	; 144
    1346:	91 e0       	ldi	r25, 0x01	; 1
    1348:	9e a7       	std	Y+46, r25	; 0x2e
    134a:	8d a7       	std	Y+45, r24	; 0x2d
    milliseconds can be achieved.
 */
void
_delay_loop_2(uint16_t __count)
{
	__asm__ volatile (
    134c:	8d a5       	ldd	r24, Y+45	; 0x2d
    134e:	9e a5       	ldd	r25, Y+46	; 0x2e
    1350:	01 97       	sbiw	r24, 0x01	; 1
    1352:	f1 f7       	brne	.-4      	; 0x1350 <LCD_sendCommand+0xc0>
    1354:	9e a7       	std	Y+46, r25	; 0x2e
    1356:	8d a7       	std	Y+45, r24	; 0x2d
		while(__ticks)
		{
			// wait 1/10 ms
			_delay_loop_2(((F_CPU) / 4e3) / 10);
			__ticks --;
    1358:	8f a5       	ldd	r24, Y+47	; 0x2f
    135a:	98 a9       	ldd	r25, Y+48	; 0x30
    135c:	01 97       	sbiw	r24, 0x01	; 1
    135e:	98 ab       	std	Y+48, r25	; 0x30
    1360:	8f a7       	std	Y+47, r24	; 0x2f
		__ticks = 1;
	else if (__tmp > 65535)
	{
		//	__ticks = requested delay in 1/10 ms
		__ticks = (uint16_t) (__ms * 10.0);
		while(__ticks)
    1362:	8f a5       	ldd	r24, Y+47	; 0x2f
    1364:	98 a9       	ldd	r25, Y+48	; 0x30
    1366:	00 97       	sbiw	r24, 0x00	; 0
    1368:	69 f7       	brne	.-38     	; 0x1344 <LCD_sendCommand+0xb4>
    136a:	14 c0       	rjmp	.+40     	; 0x1394 <LCD_sendCommand+0x104>
			__ticks --;
		}
		return;
	}
	else
		__ticks = (uint16_t)__tmp;
    136c:	69 a9       	ldd	r22, Y+49	; 0x31
    136e:	7a a9       	ldd	r23, Y+50	; 0x32
    1370:	8b a9       	ldd	r24, Y+51	; 0x33
    1372:	9c a9       	ldd	r25, Y+52	; 0x34
    1374:	0e 94 49 00 	call	0x92	; 0x92 <__fixunssfsi>
    1378:	dc 01       	movw	r26, r24
    137a:	cb 01       	movw	r24, r22
    137c:	98 ab       	std	Y+48, r25	; 0x30
    137e:	8f a7       	std	Y+47, r24	; 0x2f
    1380:	8f a5       	ldd	r24, Y+47	; 0x2f
    1382:	98 a9       	ldd	r25, Y+48	; 0x30
    1384:	9c a7       	std	Y+44, r25	; 0x2c
    1386:	8b a7       	std	Y+43, r24	; 0x2b
    1388:	8b a5       	ldd	r24, Y+43	; 0x2b
    138a:	9c a5       	ldd	r25, Y+44	; 0x2c
    138c:	01 97       	sbiw	r24, 0x01	; 1
    138e:	f1 f7       	brne	.-4      	; 0x138c <LCD_sendCommand+0xfc>
    1390:	9c a7       	std	Y+44, r25	; 0x2c
    1392:	8b a7       	std	Y+43, r24	; 0x2b
	_delay_ms(1);
	GPIO_writePin(PORT_ID_Enable, PIN_ID_Enable, LOGIC_HIGH);
    1394:	83 e0       	ldi	r24, 0x03	; 3
    1396:	61 e0       	ldi	r22, 0x01	; 1
    1398:	41 e0       	ldi	r20, 0x01	; 1
    139a:	0e 94 90 10 	call	0x2120	; 0x2120 <GPIO_writePin>
    139e:	80 e0       	ldi	r24, 0x00	; 0
    13a0:	90 e0       	ldi	r25, 0x00	; 0
    13a2:	a0 e8       	ldi	r26, 0x80	; 128
    13a4:	bf e3       	ldi	r27, 0x3F	; 63
    13a6:	8f a3       	std	Y+39, r24	; 0x27
    13a8:	98 a7       	std	Y+40, r25	; 0x28
    13aa:	a9 a7       	std	Y+41, r26	; 0x29
    13ac:	ba a7       	std	Y+42, r27	; 0x2a
 */
void
_delay_ms(double __ms)
{
	uint16_t __ticks;
	double __tmp = ((F_CPU) / 4e3) * __ms;
    13ae:	6f a1       	ldd	r22, Y+39	; 0x27
    13b0:	78 a5       	ldd	r23, Y+40	; 0x28
    13b2:	89 a5       	ldd	r24, Y+41	; 0x29
    13b4:	9a a5       	ldd	r25, Y+42	; 0x2a
    13b6:	20 e0       	ldi	r18, 0x00	; 0
    13b8:	30 e0       	ldi	r19, 0x00	; 0
    13ba:	4a e7       	ldi	r20, 0x7A	; 122
    13bc:	55 e4       	ldi	r21, 0x45	; 69
    13be:	0e 94 1f 02 	call	0x43e	; 0x43e <__mulsf3>
    13c2:	dc 01       	movw	r26, r24
    13c4:	cb 01       	movw	r24, r22
    13c6:	8b a3       	std	Y+35, r24	; 0x23
    13c8:	9c a3       	std	Y+36, r25	; 0x24
    13ca:	ad a3       	std	Y+37, r26	; 0x25
    13cc:	be a3       	std	Y+38, r27	; 0x26
	if (__tmp < 1.0)
    13ce:	6b a1       	ldd	r22, Y+35	; 0x23
    13d0:	7c a1       	ldd	r23, Y+36	; 0x24
    13d2:	8d a1       	ldd	r24, Y+37	; 0x25
    13d4:	9e a1       	ldd	r25, Y+38	; 0x26
    13d6:	20 e0       	ldi	r18, 0x00	; 0
    13d8:	30 e0       	ldi	r19, 0x00	; 0
    13da:	40 e8       	ldi	r20, 0x80	; 128
    13dc:	5f e3       	ldi	r21, 0x3F	; 63
    13de:	0e 94 25 04 	call	0x84a	; 0x84a <__ltsf2>
    13e2:	88 23       	and	r24, r24
    13e4:	2c f4       	brge	.+10     	; 0x13f0 <LCD_sendCommand+0x160>
		__ticks = 1;
    13e6:	81 e0       	ldi	r24, 0x01	; 1
    13e8:	90 e0       	ldi	r25, 0x00	; 0
    13ea:	9a a3       	std	Y+34, r25	; 0x22
    13ec:	89 a3       	std	Y+33, r24	; 0x21
    13ee:	3f c0       	rjmp	.+126    	; 0x146e <LCD_sendCommand+0x1de>
	else if (__tmp > 65535)
    13f0:	6b a1       	ldd	r22, Y+35	; 0x23
    13f2:	7c a1       	ldd	r23, Y+36	; 0x24
    13f4:	8d a1       	ldd	r24, Y+37	; 0x25
    13f6:	9e a1       	ldd	r25, Y+38	; 0x26
    13f8:	20 e0       	ldi	r18, 0x00	; 0
    13fa:	3f ef       	ldi	r19, 0xFF	; 255
    13fc:	4f e7       	ldi	r20, 0x7F	; 127
    13fe:	57 e4       	ldi	r21, 0x47	; 71
    1400:	0e 94 c5 03 	call	0x78a	; 0x78a <__gtsf2>
    1404:	18 16       	cp	r1, r24
    1406:	4c f5       	brge	.+82     	; 0x145a <LCD_sendCommand+0x1ca>
	{
		//	__ticks = requested delay in 1/10 ms
		__ticks = (uint16_t) (__ms * 10.0);
    1408:	6f a1       	ldd	r22, Y+39	; 0x27
    140a:	78 a5       	ldd	r23, Y+40	; 0x28
    140c:	89 a5       	ldd	r24, Y+41	; 0x29
    140e:	9a a5       	ldd	r25, Y+42	; 0x2a
    1410:	20 e0       	ldi	r18, 0x00	; 0
    1412:	30 e0       	ldi	r19, 0x00	; 0
    1414:	40 e2       	ldi	r20, 0x20	; 32
    1416:	51 e4       	ldi	r21, 0x41	; 65
    1418:	0e 94 1f 02 	call	0x43e	; 0x43e <__mulsf3>
    141c:	dc 01       	movw	r26, r24
    141e:	cb 01       	movw	r24, r22
    1420:	bc 01       	movw	r22, r24
    1422:	cd 01       	movw	r24, r26
    1424:	0e 94 49 00 	call	0x92	; 0x92 <__fixunssfsi>
    1428:	dc 01       	movw	r26, r24
    142a:	cb 01       	movw	r24, r22
    142c:	9a a3       	std	Y+34, r25	; 0x22
    142e:	89 a3       	std	Y+33, r24	; 0x21
    1430:	0f c0       	rjmp	.+30     	; 0x1450 <LCD_sendCommand+0x1c0>
    1432:	80 e9       	ldi	r24, 0x90	; 144
    1434:	91 e0       	ldi	r25, 0x01	; 1
    1436:	98 a3       	std	Y+32, r25	; 0x20
    1438:	8f 8f       	std	Y+31, r24	; 0x1f
    143a:	8f 8d       	ldd	r24, Y+31	; 0x1f
    143c:	98 a1       	ldd	r25, Y+32	; 0x20
    143e:	01 97       	sbiw	r24, 0x01	; 1
    1440:	f1 f7       	brne	.-4      	; 0x143e <LCD_sendCommand+0x1ae>
    1442:	98 a3       	std	Y+32, r25	; 0x20
    1444:	8f 8f       	std	Y+31, r24	; 0x1f
		while(__ticks)
		{
			// wait 1/10 ms
			_delay_loop_2(((F_CPU) / 4e3) / 10);
			__ticks --;
    1446:	89 a1       	ldd	r24, Y+33	; 0x21
    1448:	9a a1       	ldd	r25, Y+34	; 0x22
    144a:	01 97       	sbiw	r24, 0x01	; 1
    144c:	9a a3       	std	Y+34, r25	; 0x22
    144e:	89 a3       	std	Y+33, r24	; 0x21
		__ticks = 1;
	else if (__tmp > 65535)
	{
		//	__ticks = requested delay in 1/10 ms
		__ticks = (uint16_t) (__ms * 10.0);
		while(__ticks)
    1450:	89 a1       	ldd	r24, Y+33	; 0x21
    1452:	9a a1       	ldd	r25, Y+34	; 0x22
    1454:	00 97       	sbiw	r24, 0x00	; 0
    1456:	69 f7       	brne	.-38     	; 0x1432 <LCD_sendCommand+0x1a2>
    1458:	14 c0       	rjmp	.+40     	; 0x1482 <LCD_sendCommand+0x1f2>
			__ticks --;
		}
		return;
	}
	else
		__ticks = (uint16_t)__tmp;
    145a:	6b a1       	ldd	r22, Y+35	; 0x23
    145c:	7c a1       	ldd	r23, Y+36	; 0x24
    145e:	8d a1       	ldd	r24, Y+37	; 0x25
    1460:	9e a1       	ldd	r25, Y+38	; 0x26
    1462:	0e 94 49 00 	call	0x92	; 0x92 <__fixunssfsi>
    1466:	dc 01       	movw	r26, r24
    1468:	cb 01       	movw	r24, r22
    146a:	9a a3       	std	Y+34, r25	; 0x22
    146c:	89 a3       	std	Y+33, r24	; 0x21
    146e:	89 a1       	ldd	r24, Y+33	; 0x21
    1470:	9a a1       	ldd	r25, Y+34	; 0x22
    1472:	9e 8f       	std	Y+30, r25	; 0x1e
    1474:	8d 8f       	std	Y+29, r24	; 0x1d
    1476:	8d 8d       	ldd	r24, Y+29	; 0x1d
    1478:	9e 8d       	ldd	r25, Y+30	; 0x1e
    147a:	01 97       	sbiw	r24, 0x01	; 1
    147c:	f1 f7       	brne	.-4      	; 0x147a <LCD_sendCommand+0x1ea>
    147e:	9e 8f       	std	Y+30, r25	; 0x1e
    1480:	8d 8f       	std	Y+29, r24	; 0x1d
	GPIO_writePin(PORT_DATA_ID, LCD_DATA_D7,GETBIT(command , 3));
	_delay_ms(1);
	GPIO_writePin(PORT_ID_Enable, PIN_ID_Enable, LOGIC_LOW);
	_delay_ms(1);
#elif(LCD_NUM_BIT_MODE == 8)
	GPIO_writePort( PORT_DATA_ID, command);
    1482:	82 e0       	ldi	r24, 0x02	; 2
    1484:	69 ad       	ldd	r22, Y+57	; 0x39
    1486:	0e 94 5b 12 	call	0x24b6	; 0x24b6 <GPIO_writePort>
    148a:	80 e0       	ldi	r24, 0x00	; 0
    148c:	90 e0       	ldi	r25, 0x00	; 0
    148e:	a0 e8       	ldi	r26, 0x80	; 128
    1490:	bf e3       	ldi	r27, 0x3F	; 63
    1492:	89 8f       	std	Y+25, r24	; 0x19
    1494:	9a 8f       	std	Y+26, r25	; 0x1a
    1496:	ab 8f       	std	Y+27, r26	; 0x1b
    1498:	bc 8f       	std	Y+28, r27	; 0x1c
 */
void
_delay_ms(double __ms)
{
	uint16_t __ticks;
	double __tmp = ((F_CPU) / 4e3) * __ms;
    149a:	69 8d       	ldd	r22, Y+25	; 0x19
    149c:	7a 8d       	ldd	r23, Y+26	; 0x1a
    149e:	8b 8d       	ldd	r24, Y+27	; 0x1b
    14a0:	9c 8d       	ldd	r25, Y+28	; 0x1c
    14a2:	20 e0       	ldi	r18, 0x00	; 0
    14a4:	30 e0       	ldi	r19, 0x00	; 0
    14a6:	4a e7       	ldi	r20, 0x7A	; 122
    14a8:	55 e4       	ldi	r21, 0x45	; 69
    14aa:	0e 94 1f 02 	call	0x43e	; 0x43e <__mulsf3>
    14ae:	dc 01       	movw	r26, r24
    14b0:	cb 01       	movw	r24, r22
    14b2:	8d 8b       	std	Y+21, r24	; 0x15
    14b4:	9e 8b       	std	Y+22, r25	; 0x16
    14b6:	af 8b       	std	Y+23, r26	; 0x17
    14b8:	b8 8f       	std	Y+24, r27	; 0x18
	if (__tmp < 1.0)
    14ba:	6d 89       	ldd	r22, Y+21	; 0x15
    14bc:	7e 89       	ldd	r23, Y+22	; 0x16
    14be:	8f 89       	ldd	r24, Y+23	; 0x17
    14c0:	98 8d       	ldd	r25, Y+24	; 0x18
    14c2:	20 e0       	ldi	r18, 0x00	; 0
    14c4:	30 e0       	ldi	r19, 0x00	; 0
    14c6:	40 e8       	ldi	r20, 0x80	; 128
    14c8:	5f e3       	ldi	r21, 0x3F	; 63
    14ca:	0e 94 25 04 	call	0x84a	; 0x84a <__ltsf2>
    14ce:	88 23       	and	r24, r24
    14d0:	2c f4       	brge	.+10     	; 0x14dc <LCD_sendCommand+0x24c>
		__ticks = 1;
    14d2:	81 e0       	ldi	r24, 0x01	; 1
    14d4:	90 e0       	ldi	r25, 0x00	; 0
    14d6:	9c 8b       	std	Y+20, r25	; 0x14
    14d8:	8b 8b       	std	Y+19, r24	; 0x13
    14da:	3f c0       	rjmp	.+126    	; 0x155a <LCD_sendCommand+0x2ca>
	else if (__tmp > 65535)
    14dc:	6d 89       	ldd	r22, Y+21	; 0x15
    14de:	7e 89       	ldd	r23, Y+22	; 0x16
    14e0:	8f 89       	ldd	r24, Y+23	; 0x17
    14e2:	98 8d       	ldd	r25, Y+24	; 0x18
    14e4:	20 e0       	ldi	r18, 0x00	; 0
    14e6:	3f ef       	ldi	r19, 0xFF	; 255
    14e8:	4f e7       	ldi	r20, 0x7F	; 127
    14ea:	57 e4       	ldi	r21, 0x47	; 71
    14ec:	0e 94 c5 03 	call	0x78a	; 0x78a <__gtsf2>
    14f0:	18 16       	cp	r1, r24
    14f2:	4c f5       	brge	.+82     	; 0x1546 <LCD_sendCommand+0x2b6>
	{
		//	__ticks = requested delay in 1/10 ms
		__ticks = (uint16_t) (__ms * 10.0);
    14f4:	69 8d       	ldd	r22, Y+25	; 0x19
    14f6:	7a 8d       	ldd	r23, Y+26	; 0x1a
    14f8:	8b 8d       	ldd	r24, Y+27	; 0x1b
    14fa:	9c 8d       	ldd	r25, Y+28	; 0x1c
    14fc:	20 e0       	ldi	r18, 0x00	; 0
    14fe:	30 e0       	ldi	r19, 0x00	; 0
    1500:	40 e2       	ldi	r20, 0x20	; 32
    1502:	51 e4       	ldi	r21, 0x41	; 65
    1504:	0e 94 1f 02 	call	0x43e	; 0x43e <__mulsf3>
    1508:	dc 01       	movw	r26, r24
    150a:	cb 01       	movw	r24, r22
    150c:	bc 01       	movw	r22, r24
    150e:	cd 01       	movw	r24, r26
    1510:	0e 94 49 00 	call	0x92	; 0x92 <__fixunssfsi>
    1514:	dc 01       	movw	r26, r24
    1516:	cb 01       	movw	r24, r22
    1518:	9c 8b       	std	Y+20, r25	; 0x14
    151a:	8b 8b       	std	Y+19, r24	; 0x13
    151c:	0f c0       	rjmp	.+30     	; 0x153c <LCD_sendCommand+0x2ac>
    151e:	80 e9       	ldi	r24, 0x90	; 144
    1520:	91 e0       	ldi	r25, 0x01	; 1
    1522:	9a 8b       	std	Y+18, r25	; 0x12
    1524:	89 8b       	std	Y+17, r24	; 0x11
    1526:	89 89       	ldd	r24, Y+17	; 0x11
    1528:	9a 89       	ldd	r25, Y+18	; 0x12
    152a:	01 97       	sbiw	r24, 0x01	; 1
    152c:	f1 f7       	brne	.-4      	; 0x152a <LCD_sendCommand+0x29a>
    152e:	9a 8b       	std	Y+18, r25	; 0x12
    1530:	89 8b       	std	Y+17, r24	; 0x11
		while(__ticks)
		{
			// wait 1/10 ms
			_delay_loop_2(((F_CPU) / 4e3) / 10);
			__ticks --;
    1532:	8b 89       	ldd	r24, Y+19	; 0x13
    1534:	9c 89       	ldd	r25, Y+20	; 0x14
    1536:	01 97       	sbiw	r24, 0x01	; 1
    1538:	9c 8b       	std	Y+20, r25	; 0x14
    153a:	8b 8b       	std	Y+19, r24	; 0x13
		__ticks = 1;
	else if (__tmp > 65535)
	{
		//	__ticks = requested delay in 1/10 ms
		__ticks = (uint16_t) (__ms * 10.0);
		while(__ticks)
    153c:	8b 89       	ldd	r24, Y+19	; 0x13
    153e:	9c 89       	ldd	r25, Y+20	; 0x14
    1540:	00 97       	sbiw	r24, 0x00	; 0
    1542:	69 f7       	brne	.-38     	; 0x151e <LCD_sendCommand+0x28e>
    1544:	14 c0       	rjmp	.+40     	; 0x156e <LCD_sendCommand+0x2de>
			__ticks --;
		}
		return;
	}
	else
		__ticks = (uint16_t)__tmp;
    1546:	6d 89       	ldd	r22, Y+21	; 0x15
    1548:	7e 89       	ldd	r23, Y+22	; 0x16
    154a:	8f 89       	ldd	r24, Y+23	; 0x17
    154c:	98 8d       	ldd	r25, Y+24	; 0x18
    154e:	0e 94 49 00 	call	0x92	; 0x92 <__fixunssfsi>
    1552:	dc 01       	movw	r26, r24
    1554:	cb 01       	movw	r24, r22
    1556:	9c 8b       	std	Y+20, r25	; 0x14
    1558:	8b 8b       	std	Y+19, r24	; 0x13
    155a:	8b 89       	ldd	r24, Y+19	; 0x13
    155c:	9c 89       	ldd	r25, Y+20	; 0x14
    155e:	98 8b       	std	Y+16, r25	; 0x10
    1560:	8f 87       	std	Y+15, r24	; 0x0f
    1562:	8f 85       	ldd	r24, Y+15	; 0x0f
    1564:	98 89       	ldd	r25, Y+16	; 0x10
    1566:	01 97       	sbiw	r24, 0x01	; 1
    1568:	f1 f7       	brne	.-4      	; 0x1566 <LCD_sendCommand+0x2d6>
    156a:	98 8b       	std	Y+16, r25	; 0x10
    156c:	8f 87       	std	Y+15, r24	; 0x0f
	_delay_ms(1);
	GPIO_writePin(PORT_ID_Enable, PIN_ID_Enable, LOGIC_LOW);
    156e:	83 e0       	ldi	r24, 0x03	; 3
    1570:	61 e0       	ldi	r22, 0x01	; 1
    1572:	40 e0       	ldi	r20, 0x00	; 0
    1574:	0e 94 90 10 	call	0x2120	; 0x2120 <GPIO_writePin>
    1578:	80 e0       	ldi	r24, 0x00	; 0
    157a:	90 e0       	ldi	r25, 0x00	; 0
    157c:	a0 e8       	ldi	r26, 0x80	; 128
    157e:	bf e3       	ldi	r27, 0x3F	; 63
    1580:	8b 87       	std	Y+11, r24	; 0x0b
    1582:	9c 87       	std	Y+12, r25	; 0x0c
    1584:	ad 87       	std	Y+13, r26	; 0x0d
    1586:	be 87       	std	Y+14, r27	; 0x0e
 */
void
_delay_ms(double __ms)
{
	uint16_t __ticks;
	double __tmp = ((F_CPU) / 4e3) * __ms;
    1588:	6b 85       	ldd	r22, Y+11	; 0x0b
    158a:	7c 85       	ldd	r23, Y+12	; 0x0c
    158c:	8d 85       	ldd	r24, Y+13	; 0x0d
    158e:	9e 85       	ldd	r25, Y+14	; 0x0e
    1590:	20 e0       	ldi	r18, 0x00	; 0
    1592:	30 e0       	ldi	r19, 0x00	; 0
    1594:	4a e7       	ldi	r20, 0x7A	; 122
    1596:	55 e4       	ldi	r21, 0x45	; 69
    1598:	0e 94 1f 02 	call	0x43e	; 0x43e <__mulsf3>
    159c:	dc 01       	movw	r26, r24
    159e:	cb 01       	movw	r24, r22
    15a0:	8f 83       	std	Y+7, r24	; 0x07
    15a2:	98 87       	std	Y+8, r25	; 0x08
    15a4:	a9 87       	std	Y+9, r26	; 0x09
    15a6:	ba 87       	std	Y+10, r27	; 0x0a
	if (__tmp < 1.0)
    15a8:	6f 81       	ldd	r22, Y+7	; 0x07
    15aa:	78 85       	ldd	r23, Y+8	; 0x08
    15ac:	89 85       	ldd	r24, Y+9	; 0x09
    15ae:	9a 85       	ldd	r25, Y+10	; 0x0a
    15b0:	20 e0       	ldi	r18, 0x00	; 0
    15b2:	30 e0       	ldi	r19, 0x00	; 0
    15b4:	40 e8       	ldi	r20, 0x80	; 128
    15b6:	5f e3       	ldi	r21, 0x3F	; 63
    15b8:	0e 94 25 04 	call	0x84a	; 0x84a <__ltsf2>
    15bc:	88 23       	and	r24, r24
    15be:	2c f4       	brge	.+10     	; 0x15ca <LCD_sendCommand+0x33a>
		__ticks = 1;
    15c0:	81 e0       	ldi	r24, 0x01	; 1
    15c2:	90 e0       	ldi	r25, 0x00	; 0
    15c4:	9e 83       	std	Y+6, r25	; 0x06
    15c6:	8d 83       	std	Y+5, r24	; 0x05
    15c8:	3f c0       	rjmp	.+126    	; 0x1648 <LCD_sendCommand+0x3b8>
	else if (__tmp > 65535)
    15ca:	6f 81       	ldd	r22, Y+7	; 0x07
    15cc:	78 85       	ldd	r23, Y+8	; 0x08
    15ce:	89 85       	ldd	r24, Y+9	; 0x09
    15d0:	9a 85       	ldd	r25, Y+10	; 0x0a
    15d2:	20 e0       	ldi	r18, 0x00	; 0
    15d4:	3f ef       	ldi	r19, 0xFF	; 255
    15d6:	4f e7       	ldi	r20, 0x7F	; 127
    15d8:	57 e4       	ldi	r21, 0x47	; 71
    15da:	0e 94 c5 03 	call	0x78a	; 0x78a <__gtsf2>
    15de:	18 16       	cp	r1, r24
    15e0:	4c f5       	brge	.+82     	; 0x1634 <LCD_sendCommand+0x3a4>
	{
		//	__ticks = requested delay in 1/10 ms
		__ticks = (uint16_t) (__ms * 10.0);
    15e2:	6b 85       	ldd	r22, Y+11	; 0x0b
    15e4:	7c 85       	ldd	r23, Y+12	; 0x0c
    15e6:	8d 85       	ldd	r24, Y+13	; 0x0d
    15e8:	9e 85       	ldd	r25, Y+14	; 0x0e
    15ea:	20 e0       	ldi	r18, 0x00	; 0
    15ec:	30 e0       	ldi	r19, 0x00	; 0
    15ee:	40 e2       	ldi	r20, 0x20	; 32
    15f0:	51 e4       	ldi	r21, 0x41	; 65
    15f2:	0e 94 1f 02 	call	0x43e	; 0x43e <__mulsf3>
    15f6:	dc 01       	movw	r26, r24
    15f8:	cb 01       	movw	r24, r22
    15fa:	bc 01       	movw	r22, r24
    15fc:	cd 01       	movw	r24, r26
    15fe:	0e 94 49 00 	call	0x92	; 0x92 <__fixunssfsi>
    1602:	dc 01       	movw	r26, r24
    1604:	cb 01       	movw	r24, r22
    1606:	9e 83       	std	Y+6, r25	; 0x06
    1608:	8d 83       	std	Y+5, r24	; 0x05
    160a:	0f c0       	rjmp	.+30     	; 0x162a <LCD_sendCommand+0x39a>
    160c:	80 e9       	ldi	r24, 0x90	; 144
    160e:	91 e0       	ldi	r25, 0x01	; 1
    1610:	9c 83       	std	Y+4, r25	; 0x04
    1612:	8b 83       	std	Y+3, r24	; 0x03
    1614:	8b 81       	ldd	r24, Y+3	; 0x03
    1616:	9c 81       	ldd	r25, Y+4	; 0x04
    1618:	01 97       	sbiw	r24, 0x01	; 1
    161a:	f1 f7       	brne	.-4      	; 0x1618 <LCD_sendCommand+0x388>
    161c:	9c 83       	std	Y+4, r25	; 0x04
    161e:	8b 83       	std	Y+3, r24	; 0x03
		while(__ticks)
		{
			// wait 1/10 ms
			_delay_loop_2(((F_CPU) / 4e3) / 10);
			__ticks --;
    1620:	8d 81       	ldd	r24, Y+5	; 0x05
    1622:	9e 81       	ldd	r25, Y+6	; 0x06
    1624:	01 97       	sbiw	r24, 0x01	; 1
    1626:	9e 83       	std	Y+6, r25	; 0x06
    1628:	8d 83       	std	Y+5, r24	; 0x05
		__ticks = 1;
	else if (__tmp > 65535)
	{
		//	__ticks = requested delay in 1/10 ms
		__ticks = (uint16_t) (__ms * 10.0);
		while(__ticks)
    162a:	8d 81       	ldd	r24, Y+5	; 0x05
    162c:	9e 81       	ldd	r25, Y+6	; 0x06
    162e:	00 97       	sbiw	r24, 0x00	; 0
    1630:	69 f7       	brne	.-38     	; 0x160c <LCD_sendCommand+0x37c>
    1632:	14 c0       	rjmp	.+40     	; 0x165c <LCD_sendCommand+0x3cc>
			__ticks --;
		}
		return;
	}
	else
		__ticks = (uint16_t)__tmp;
    1634:	6f 81       	ldd	r22, Y+7	; 0x07
    1636:	78 85       	ldd	r23, Y+8	; 0x08
    1638:	89 85       	ldd	r24, Y+9	; 0x09
    163a:	9a 85       	ldd	r25, Y+10	; 0x0a
    163c:	0e 94 49 00 	call	0x92	; 0x92 <__fixunssfsi>
    1640:	dc 01       	movw	r26, r24
    1642:	cb 01       	movw	r24, r22
    1644:	9e 83       	std	Y+6, r25	; 0x06
    1646:	8d 83       	std	Y+5, r24	; 0x05
    1648:	8d 81       	ldd	r24, Y+5	; 0x05
    164a:	9e 81       	ldd	r25, Y+6	; 0x06
    164c:	9a 83       	std	Y+2, r25	; 0x02
    164e:	89 83       	std	Y+1, r24	; 0x01
    1650:	89 81       	ldd	r24, Y+1	; 0x01
    1652:	9a 81       	ldd	r25, Y+2	; 0x02
    1654:	01 97       	sbiw	r24, 0x01	; 1
    1656:	f1 f7       	brne	.-4      	; 0x1654 <LCD_sendCommand+0x3c4>
    1658:	9a 83       	std	Y+2, r25	; 0x02
    165a:	89 83       	std	Y+1, r24	; 0x01
	_delay_ms(1);
#endif
}
    165c:	e9 96       	adiw	r28, 0x39	; 57
    165e:	0f b6       	in	r0, 0x3f	; 63
    1660:	f8 94       	cli
    1662:	de bf       	out	0x3e, r29	; 62
    1664:	0f be       	out	0x3f, r0	; 63
    1666:	cd bf       	out	0x3d, r28	; 61
    1668:	cf 91       	pop	r28
    166a:	df 91       	pop	r29
    166c:	08 95       	ret

0000166e <LCD_displayCharacter>:
void LCD_displayCharacter(uint8 DATA) {
    166e:	df 93       	push	r29
    1670:	cf 93       	push	r28
    1672:	cd b7       	in	r28, 0x3d	; 61
    1674:	de b7       	in	r29, 0x3e	; 62
    1676:	e9 97       	sbiw	r28, 0x39	; 57
    1678:	0f b6       	in	r0, 0x3f	; 63
    167a:	f8 94       	cli
    167c:	de bf       	out	0x3e, r29	; 62
    167e:	0f be       	out	0x3f, r0	; 63
    1680:	cd bf       	out	0x3d, r28	; 61
    1682:	89 af       	std	Y+57, r24	; 0x39
	GPIO_writePin(PORT_ID_RS, PIN_ID_RS, LOGIC_HIGH);
    1684:	83 e0       	ldi	r24, 0x03	; 3
    1686:	60 e0       	ldi	r22, 0x00	; 0
    1688:	41 e0       	ldi	r20, 0x01	; 1
    168a:	0e 94 90 10 	call	0x2120	; 0x2120 <GPIO_writePin>
    168e:	80 e0       	ldi	r24, 0x00	; 0
    1690:	90 e0       	ldi	r25, 0x00	; 0
    1692:	a0 e8       	ldi	r26, 0x80	; 128
    1694:	bf e3       	ldi	r27, 0x3F	; 63
    1696:	8d ab       	std	Y+53, r24	; 0x35
    1698:	9e ab       	std	Y+54, r25	; 0x36
    169a:	af ab       	std	Y+55, r26	; 0x37
    169c:	b8 af       	std	Y+56, r27	; 0x38
 */
void
_delay_ms(double __ms)
{
	uint16_t __ticks;
	double __tmp = ((F_CPU) / 4e3) * __ms;
    169e:	6d a9       	ldd	r22, Y+53	; 0x35
    16a0:	7e a9       	ldd	r23, Y+54	; 0x36
    16a2:	8f a9       	ldd	r24, Y+55	; 0x37
    16a4:	98 ad       	ldd	r25, Y+56	; 0x38
    16a6:	20 e0       	ldi	r18, 0x00	; 0
    16a8:	30 e0       	ldi	r19, 0x00	; 0
    16aa:	4a e7       	ldi	r20, 0x7A	; 122
    16ac:	55 e4       	ldi	r21, 0x45	; 69
    16ae:	0e 94 1f 02 	call	0x43e	; 0x43e <__mulsf3>
    16b2:	dc 01       	movw	r26, r24
    16b4:	cb 01       	movw	r24, r22
    16b6:	89 ab       	std	Y+49, r24	; 0x31
    16b8:	9a ab       	std	Y+50, r25	; 0x32
    16ba:	ab ab       	std	Y+51, r26	; 0x33
    16bc:	bc ab       	std	Y+52, r27	; 0x34
	if (__tmp < 1.0)
    16be:	69 a9       	ldd	r22, Y+49	; 0x31
    16c0:	7a a9       	ldd	r23, Y+50	; 0x32
    16c2:	8b a9       	ldd	r24, Y+51	; 0x33
    16c4:	9c a9       	ldd	r25, Y+52	; 0x34
    16c6:	20 e0       	ldi	r18, 0x00	; 0
    16c8:	30 e0       	ldi	r19, 0x00	; 0
    16ca:	40 e8       	ldi	r20, 0x80	; 128
    16cc:	5f e3       	ldi	r21, 0x3F	; 63
    16ce:	0e 94 25 04 	call	0x84a	; 0x84a <__ltsf2>
    16d2:	88 23       	and	r24, r24
    16d4:	2c f4       	brge	.+10     	; 0x16e0 <LCD_displayCharacter+0x72>
		__ticks = 1;
    16d6:	81 e0       	ldi	r24, 0x01	; 1
    16d8:	90 e0       	ldi	r25, 0x00	; 0
    16da:	98 ab       	std	Y+48, r25	; 0x30
    16dc:	8f a7       	std	Y+47, r24	; 0x2f
    16de:	3f c0       	rjmp	.+126    	; 0x175e <LCD_displayCharacter+0xf0>
	else if (__tmp > 65535)
    16e0:	69 a9       	ldd	r22, Y+49	; 0x31
    16e2:	7a a9       	ldd	r23, Y+50	; 0x32
    16e4:	8b a9       	ldd	r24, Y+51	; 0x33
    16e6:	9c a9       	ldd	r25, Y+52	; 0x34
    16e8:	20 e0       	ldi	r18, 0x00	; 0
    16ea:	3f ef       	ldi	r19, 0xFF	; 255
    16ec:	4f e7       	ldi	r20, 0x7F	; 127
    16ee:	57 e4       	ldi	r21, 0x47	; 71
    16f0:	0e 94 c5 03 	call	0x78a	; 0x78a <__gtsf2>
    16f4:	18 16       	cp	r1, r24
    16f6:	4c f5       	brge	.+82     	; 0x174a <LCD_displayCharacter+0xdc>
	{
		//	__ticks = requested delay in 1/10 ms
		__ticks = (uint16_t) (__ms * 10.0);
    16f8:	6d a9       	ldd	r22, Y+53	; 0x35
    16fa:	7e a9       	ldd	r23, Y+54	; 0x36
    16fc:	8f a9       	ldd	r24, Y+55	; 0x37
    16fe:	98 ad       	ldd	r25, Y+56	; 0x38
    1700:	20 e0       	ldi	r18, 0x00	; 0
    1702:	30 e0       	ldi	r19, 0x00	; 0
    1704:	40 e2       	ldi	r20, 0x20	; 32
    1706:	51 e4       	ldi	r21, 0x41	; 65
    1708:	0e 94 1f 02 	call	0x43e	; 0x43e <__mulsf3>
    170c:	dc 01       	movw	r26, r24
    170e:	cb 01       	movw	r24, r22
    1710:	bc 01       	movw	r22, r24
    1712:	cd 01       	movw	r24, r26
    1714:	0e 94 49 00 	call	0x92	; 0x92 <__fixunssfsi>
    1718:	dc 01       	movw	r26, r24
    171a:	cb 01       	movw	r24, r22
    171c:	98 ab       	std	Y+48, r25	; 0x30
    171e:	8f a7       	std	Y+47, r24	; 0x2f
    1720:	0f c0       	rjmp	.+30     	; 0x1740 <LCD_displayCharacter+0xd2>
    1722:	80 e9       	ldi	r24, 0x90	; 144
    1724:	91 e0       	ldi	r25, 0x01	; 1
    1726:	9e a7       	std	Y+46, r25	; 0x2e
    1728:	8d a7       	std	Y+45, r24	; 0x2d
    172a:	8d a5       	ldd	r24, Y+45	; 0x2d
    172c:	9e a5       	ldd	r25, Y+46	; 0x2e
    172e:	01 97       	sbiw	r24, 0x01	; 1
    1730:	f1 f7       	brne	.-4      	; 0x172e <LCD_displayCharacter+0xc0>
    1732:	9e a7       	std	Y+46, r25	; 0x2e
    1734:	8d a7       	std	Y+45, r24	; 0x2d
		while(__ticks)
		{
			// wait 1/10 ms
			_delay_loop_2(((F_CPU) / 4e3) / 10);
			__ticks --;
    1736:	8f a5       	ldd	r24, Y+47	; 0x2f
    1738:	98 a9       	ldd	r25, Y+48	; 0x30
    173a:	01 97       	sbiw	r24, 0x01	; 1
    173c:	98 ab       	std	Y+48, r25	; 0x30
    173e:	8f a7       	std	Y+47, r24	; 0x2f
		__ticks = 1;
	else if (__tmp > 65535)
	{
		//	__ticks = requested delay in 1/10 ms
		__ticks = (uint16_t) (__ms * 10.0);
		while(__ticks)
    1740:	8f a5       	ldd	r24, Y+47	; 0x2f
    1742:	98 a9       	ldd	r25, Y+48	; 0x30
    1744:	00 97       	sbiw	r24, 0x00	; 0
    1746:	69 f7       	brne	.-38     	; 0x1722 <LCD_displayCharacter+0xb4>
    1748:	14 c0       	rjmp	.+40     	; 0x1772 <LCD_displayCharacter+0x104>
			__ticks --;
		}
		return;
	}
	else
		__ticks = (uint16_t)__tmp;
    174a:	69 a9       	ldd	r22, Y+49	; 0x31
    174c:	7a a9       	ldd	r23, Y+50	; 0x32
    174e:	8b a9       	ldd	r24, Y+51	; 0x33
    1750:	9c a9       	ldd	r25, Y+52	; 0x34
    1752:	0e 94 49 00 	call	0x92	; 0x92 <__fixunssfsi>
    1756:	dc 01       	movw	r26, r24
    1758:	cb 01       	movw	r24, r22
    175a:	98 ab       	std	Y+48, r25	; 0x30
    175c:	8f a7       	std	Y+47, r24	; 0x2f
    175e:	8f a5       	ldd	r24, Y+47	; 0x2f
    1760:	98 a9       	ldd	r25, Y+48	; 0x30
    1762:	9c a7       	std	Y+44, r25	; 0x2c
    1764:	8b a7       	std	Y+43, r24	; 0x2b
    1766:	8b a5       	ldd	r24, Y+43	; 0x2b
    1768:	9c a5       	ldd	r25, Y+44	; 0x2c
    176a:	01 97       	sbiw	r24, 0x01	; 1
    176c:	f1 f7       	brne	.-4      	; 0x176a <LCD_displayCharacter+0xfc>
    176e:	9c a7       	std	Y+44, r25	; 0x2c
    1770:	8b a7       	std	Y+43, r24	; 0x2b
	_delay_ms(1);
	GPIO_writePin(PORT_ID_Enable, PIN_ID_Enable, LOGIC_HIGH);
    1772:	83 e0       	ldi	r24, 0x03	; 3
    1774:	61 e0       	ldi	r22, 0x01	; 1
    1776:	41 e0       	ldi	r20, 0x01	; 1
    1778:	0e 94 90 10 	call	0x2120	; 0x2120 <GPIO_writePin>
    177c:	80 e0       	ldi	r24, 0x00	; 0
    177e:	90 e0       	ldi	r25, 0x00	; 0
    1780:	a0 e8       	ldi	r26, 0x80	; 128
    1782:	bf e3       	ldi	r27, 0x3F	; 63
    1784:	8f a3       	std	Y+39, r24	; 0x27
    1786:	98 a7       	std	Y+40, r25	; 0x28
    1788:	a9 a7       	std	Y+41, r26	; 0x29
    178a:	ba a7       	std	Y+42, r27	; 0x2a
 */
void
_delay_ms(double __ms)
{
	uint16_t __ticks;
	double __tmp = ((F_CPU) / 4e3) * __ms;
    178c:	6f a1       	ldd	r22, Y+39	; 0x27
    178e:	78 a5       	ldd	r23, Y+40	; 0x28
    1790:	89 a5       	ldd	r24, Y+41	; 0x29
    1792:	9a a5       	ldd	r25, Y+42	; 0x2a
    1794:	20 e0       	ldi	r18, 0x00	; 0
    1796:	30 e0       	ldi	r19, 0x00	; 0
    1798:	4a e7       	ldi	r20, 0x7A	; 122
    179a:	55 e4       	ldi	r21, 0x45	; 69
    179c:	0e 94 1f 02 	call	0x43e	; 0x43e <__mulsf3>
    17a0:	dc 01       	movw	r26, r24
    17a2:	cb 01       	movw	r24, r22
    17a4:	8b a3       	std	Y+35, r24	; 0x23
    17a6:	9c a3       	std	Y+36, r25	; 0x24
    17a8:	ad a3       	std	Y+37, r26	; 0x25
    17aa:	be a3       	std	Y+38, r27	; 0x26
	if (__tmp < 1.0)
    17ac:	6b a1       	ldd	r22, Y+35	; 0x23
    17ae:	7c a1       	ldd	r23, Y+36	; 0x24
    17b0:	8d a1       	ldd	r24, Y+37	; 0x25
    17b2:	9e a1       	ldd	r25, Y+38	; 0x26
    17b4:	20 e0       	ldi	r18, 0x00	; 0
    17b6:	30 e0       	ldi	r19, 0x00	; 0
    17b8:	40 e8       	ldi	r20, 0x80	; 128
    17ba:	5f e3       	ldi	r21, 0x3F	; 63
    17bc:	0e 94 25 04 	call	0x84a	; 0x84a <__ltsf2>
    17c0:	88 23       	and	r24, r24
    17c2:	2c f4       	brge	.+10     	; 0x17ce <LCD_displayCharacter+0x160>
		__ticks = 1;
    17c4:	81 e0       	ldi	r24, 0x01	; 1
    17c6:	90 e0       	ldi	r25, 0x00	; 0
    17c8:	9a a3       	std	Y+34, r25	; 0x22
    17ca:	89 a3       	std	Y+33, r24	; 0x21
    17cc:	3f c0       	rjmp	.+126    	; 0x184c <LCD_displayCharacter+0x1de>
	else if (__tmp > 65535)
    17ce:	6b a1       	ldd	r22, Y+35	; 0x23
    17d0:	7c a1       	ldd	r23, Y+36	; 0x24
    17d2:	8d a1       	ldd	r24, Y+37	; 0x25
    17d4:	9e a1       	ldd	r25, Y+38	; 0x26
    17d6:	20 e0       	ldi	r18, 0x00	; 0
    17d8:	3f ef       	ldi	r19, 0xFF	; 255
    17da:	4f e7       	ldi	r20, 0x7F	; 127
    17dc:	57 e4       	ldi	r21, 0x47	; 71
    17de:	0e 94 c5 03 	call	0x78a	; 0x78a <__gtsf2>
    17e2:	18 16       	cp	r1, r24
    17e4:	4c f5       	brge	.+82     	; 0x1838 <LCD_displayCharacter+0x1ca>
	{
		//	__ticks = requested delay in 1/10 ms
		__ticks = (uint16_t) (__ms * 10.0);
    17e6:	6f a1       	ldd	r22, Y+39	; 0x27
    17e8:	78 a5       	ldd	r23, Y+40	; 0x28
    17ea:	89 a5       	ldd	r24, Y+41	; 0x29
    17ec:	9a a5       	ldd	r25, Y+42	; 0x2a
    17ee:	20 e0       	ldi	r18, 0x00	; 0
    17f0:	30 e0       	ldi	r19, 0x00	; 0
    17f2:	40 e2       	ldi	r20, 0x20	; 32
    17f4:	51 e4       	ldi	r21, 0x41	; 65
    17f6:	0e 94 1f 02 	call	0x43e	; 0x43e <__mulsf3>
    17fa:	dc 01       	movw	r26, r24
    17fc:	cb 01       	movw	r24, r22
    17fe:	bc 01       	movw	r22, r24
    1800:	cd 01       	movw	r24, r26
    1802:	0e 94 49 00 	call	0x92	; 0x92 <__fixunssfsi>
    1806:	dc 01       	movw	r26, r24
    1808:	cb 01       	movw	r24, r22
    180a:	9a a3       	std	Y+34, r25	; 0x22
    180c:	89 a3       	std	Y+33, r24	; 0x21
    180e:	0f c0       	rjmp	.+30     	; 0x182e <LCD_displayCharacter+0x1c0>
    1810:	80 e9       	ldi	r24, 0x90	; 144
    1812:	91 e0       	ldi	r25, 0x01	; 1
    1814:	98 a3       	std	Y+32, r25	; 0x20
    1816:	8f 8f       	std	Y+31, r24	; 0x1f
    1818:	8f 8d       	ldd	r24, Y+31	; 0x1f
    181a:	98 a1       	ldd	r25, Y+32	; 0x20
    181c:	01 97       	sbiw	r24, 0x01	; 1
    181e:	f1 f7       	brne	.-4      	; 0x181c <LCD_displayCharacter+0x1ae>
    1820:	98 a3       	std	Y+32, r25	; 0x20
    1822:	8f 8f       	std	Y+31, r24	; 0x1f
		while(__ticks)
		{
			// wait 1/10 ms
			_delay_loop_2(((F_CPU) / 4e3) / 10);
			__ticks --;
    1824:	89 a1       	ldd	r24, Y+33	; 0x21
    1826:	9a a1       	ldd	r25, Y+34	; 0x22
    1828:	01 97       	sbiw	r24, 0x01	; 1
    182a:	9a a3       	std	Y+34, r25	; 0x22
    182c:	89 a3       	std	Y+33, r24	; 0x21
		__ticks = 1;
	else if (__tmp > 65535)
	{
		//	__ticks = requested delay in 1/10 ms
		__ticks = (uint16_t) (__ms * 10.0);
		while(__ticks)
    182e:	89 a1       	ldd	r24, Y+33	; 0x21
    1830:	9a a1       	ldd	r25, Y+34	; 0x22
    1832:	00 97       	sbiw	r24, 0x00	; 0
    1834:	69 f7       	brne	.-38     	; 0x1810 <LCD_displayCharacter+0x1a2>
    1836:	14 c0       	rjmp	.+40     	; 0x1860 <LCD_displayCharacter+0x1f2>
			__ticks --;
		}
		return;
	}
	else
		__ticks = (uint16_t)__tmp;
    1838:	6b a1       	ldd	r22, Y+35	; 0x23
    183a:	7c a1       	ldd	r23, Y+36	; 0x24
    183c:	8d a1       	ldd	r24, Y+37	; 0x25
    183e:	9e a1       	ldd	r25, Y+38	; 0x26
    1840:	0e 94 49 00 	call	0x92	; 0x92 <__fixunssfsi>
    1844:	dc 01       	movw	r26, r24
    1846:	cb 01       	movw	r24, r22
    1848:	9a a3       	std	Y+34, r25	; 0x22
    184a:	89 a3       	std	Y+33, r24	; 0x21
    184c:	89 a1       	ldd	r24, Y+33	; 0x21
    184e:	9a a1       	ldd	r25, Y+34	; 0x22
    1850:	9e 8f       	std	Y+30, r25	; 0x1e
    1852:	8d 8f       	std	Y+29, r24	; 0x1d
    1854:	8d 8d       	ldd	r24, Y+29	; 0x1d
    1856:	9e 8d       	ldd	r25, Y+30	; 0x1e
    1858:	01 97       	sbiw	r24, 0x01	; 1
    185a:	f1 f7       	brne	.-4      	; 0x1858 <LCD_displayCharacter+0x1ea>
    185c:	9e 8f       	std	Y+30, r25	; 0x1e
    185e:	8d 8f       	std	Y+29, r24	; 0x1d
	GPIO_writePin(PORT_DATA_ID, LCD_DATA_D7,GETBIT(DATA , 3));
	_delay_ms(1);
	GPIO_writePin(PORT_ID_Enable, PIN_ID_Enable, LOGIC_LOW);
	_delay_ms(1);
#elif(LCD_NUM_BIT_MODE == 8)
	GPIO_writePort( PORT_DATA_ID, DATA);
    1860:	82 e0       	ldi	r24, 0x02	; 2
    1862:	69 ad       	ldd	r22, Y+57	; 0x39
    1864:	0e 94 5b 12 	call	0x24b6	; 0x24b6 <GPIO_writePort>
    1868:	80 e0       	ldi	r24, 0x00	; 0
    186a:	90 e0       	ldi	r25, 0x00	; 0
    186c:	a0 e8       	ldi	r26, 0x80	; 128
    186e:	bf e3       	ldi	r27, 0x3F	; 63
    1870:	89 8f       	std	Y+25, r24	; 0x19
    1872:	9a 8f       	std	Y+26, r25	; 0x1a
    1874:	ab 8f       	std	Y+27, r26	; 0x1b
    1876:	bc 8f       	std	Y+28, r27	; 0x1c
 */
void
_delay_ms(double __ms)
{
	uint16_t __ticks;
	double __tmp = ((F_CPU) / 4e3) * __ms;
    1878:	69 8d       	ldd	r22, Y+25	; 0x19
    187a:	7a 8d       	ldd	r23, Y+26	; 0x1a
    187c:	8b 8d       	ldd	r24, Y+27	; 0x1b
    187e:	9c 8d       	ldd	r25, Y+28	; 0x1c
    1880:	20 e0       	ldi	r18, 0x00	; 0
    1882:	30 e0       	ldi	r19, 0x00	; 0
    1884:	4a e7       	ldi	r20, 0x7A	; 122
    1886:	55 e4       	ldi	r21, 0x45	; 69
    1888:	0e 94 1f 02 	call	0x43e	; 0x43e <__mulsf3>
    188c:	dc 01       	movw	r26, r24
    188e:	cb 01       	movw	r24, r22
    1890:	8d 8b       	std	Y+21, r24	; 0x15
    1892:	9e 8b       	std	Y+22, r25	; 0x16
    1894:	af 8b       	std	Y+23, r26	; 0x17
    1896:	b8 8f       	std	Y+24, r27	; 0x18
	if (__tmp < 1.0)
    1898:	6d 89       	ldd	r22, Y+21	; 0x15
    189a:	7e 89       	ldd	r23, Y+22	; 0x16
    189c:	8f 89       	ldd	r24, Y+23	; 0x17
    189e:	98 8d       	ldd	r25, Y+24	; 0x18
    18a0:	20 e0       	ldi	r18, 0x00	; 0
    18a2:	30 e0       	ldi	r19, 0x00	; 0
    18a4:	40 e8       	ldi	r20, 0x80	; 128
    18a6:	5f e3       	ldi	r21, 0x3F	; 63
    18a8:	0e 94 25 04 	call	0x84a	; 0x84a <__ltsf2>
    18ac:	88 23       	and	r24, r24
    18ae:	2c f4       	brge	.+10     	; 0x18ba <LCD_displayCharacter+0x24c>
		__ticks = 1;
    18b0:	81 e0       	ldi	r24, 0x01	; 1
    18b2:	90 e0       	ldi	r25, 0x00	; 0
    18b4:	9c 8b       	std	Y+20, r25	; 0x14
    18b6:	8b 8b       	std	Y+19, r24	; 0x13
    18b8:	3f c0       	rjmp	.+126    	; 0x1938 <LCD_displayCharacter+0x2ca>
	else if (__tmp > 65535)
    18ba:	6d 89       	ldd	r22, Y+21	; 0x15
    18bc:	7e 89       	ldd	r23, Y+22	; 0x16
    18be:	8f 89       	ldd	r24, Y+23	; 0x17
    18c0:	98 8d       	ldd	r25, Y+24	; 0x18
    18c2:	20 e0       	ldi	r18, 0x00	; 0
    18c4:	3f ef       	ldi	r19, 0xFF	; 255
    18c6:	4f e7       	ldi	r20, 0x7F	; 127
    18c8:	57 e4       	ldi	r21, 0x47	; 71
    18ca:	0e 94 c5 03 	call	0x78a	; 0x78a <__gtsf2>
    18ce:	18 16       	cp	r1, r24
    18d0:	4c f5       	brge	.+82     	; 0x1924 <LCD_displayCharacter+0x2b6>
	{
		//	__ticks = requested delay in 1/10 ms
		__ticks = (uint16_t) (__ms * 10.0);
    18d2:	69 8d       	ldd	r22, Y+25	; 0x19
    18d4:	7a 8d       	ldd	r23, Y+26	; 0x1a
    18d6:	8b 8d       	ldd	r24, Y+27	; 0x1b
    18d8:	9c 8d       	ldd	r25, Y+28	; 0x1c
    18da:	20 e0       	ldi	r18, 0x00	; 0
    18dc:	30 e0       	ldi	r19, 0x00	; 0
    18de:	40 e2       	ldi	r20, 0x20	; 32
    18e0:	51 e4       	ldi	r21, 0x41	; 65
    18e2:	0e 94 1f 02 	call	0x43e	; 0x43e <__mulsf3>
    18e6:	dc 01       	movw	r26, r24
    18e8:	cb 01       	movw	r24, r22
    18ea:	bc 01       	movw	r22, r24
    18ec:	cd 01       	movw	r24, r26
    18ee:	0e 94 49 00 	call	0x92	; 0x92 <__fixunssfsi>
    18f2:	dc 01       	movw	r26, r24
    18f4:	cb 01       	movw	r24, r22
    18f6:	9c 8b       	std	Y+20, r25	; 0x14
    18f8:	8b 8b       	std	Y+19, r24	; 0x13
    18fa:	0f c0       	rjmp	.+30     	; 0x191a <LCD_displayCharacter+0x2ac>
    18fc:	80 e9       	ldi	r24, 0x90	; 144
    18fe:	91 e0       	ldi	r25, 0x01	; 1
    1900:	9a 8b       	std	Y+18, r25	; 0x12
    1902:	89 8b       	std	Y+17, r24	; 0x11
    1904:	89 89       	ldd	r24, Y+17	; 0x11
    1906:	9a 89       	ldd	r25, Y+18	; 0x12
    1908:	01 97       	sbiw	r24, 0x01	; 1
    190a:	f1 f7       	brne	.-4      	; 0x1908 <LCD_displayCharacter+0x29a>
    190c:	9a 8b       	std	Y+18, r25	; 0x12
    190e:	89 8b       	std	Y+17, r24	; 0x11
		while(__ticks)
		{
			// wait 1/10 ms
			_delay_loop_2(((F_CPU) / 4e3) / 10);
			__ticks --;
    1910:	8b 89       	ldd	r24, Y+19	; 0x13
    1912:	9c 89       	ldd	r25, Y+20	; 0x14
    1914:	01 97       	sbiw	r24, 0x01	; 1
    1916:	9c 8b       	std	Y+20, r25	; 0x14
    1918:	8b 8b       	std	Y+19, r24	; 0x13
		__ticks = 1;
	else if (__tmp > 65535)
	{
		//	__ticks = requested delay in 1/10 ms
		__ticks = (uint16_t) (__ms * 10.0);
		while(__ticks)
    191a:	8b 89       	ldd	r24, Y+19	; 0x13
    191c:	9c 89       	ldd	r25, Y+20	; 0x14
    191e:	00 97       	sbiw	r24, 0x00	; 0
    1920:	69 f7       	brne	.-38     	; 0x18fc <LCD_displayCharacter+0x28e>
    1922:	14 c0       	rjmp	.+40     	; 0x194c <LCD_displayCharacter+0x2de>
			__ticks --;
		}
		return;
	}
	else
		__ticks = (uint16_t)__tmp;
    1924:	6d 89       	ldd	r22, Y+21	; 0x15
    1926:	7e 89       	ldd	r23, Y+22	; 0x16
    1928:	8f 89       	ldd	r24, Y+23	; 0x17
    192a:	98 8d       	ldd	r25, Y+24	; 0x18
    192c:	0e 94 49 00 	call	0x92	; 0x92 <__fixunssfsi>
    1930:	dc 01       	movw	r26, r24
    1932:	cb 01       	movw	r24, r22
    1934:	9c 8b       	std	Y+20, r25	; 0x14
    1936:	8b 8b       	std	Y+19, r24	; 0x13
    1938:	8b 89       	ldd	r24, Y+19	; 0x13
    193a:	9c 89       	ldd	r25, Y+20	; 0x14
    193c:	98 8b       	std	Y+16, r25	; 0x10
    193e:	8f 87       	std	Y+15, r24	; 0x0f
    1940:	8f 85       	ldd	r24, Y+15	; 0x0f
    1942:	98 89       	ldd	r25, Y+16	; 0x10
    1944:	01 97       	sbiw	r24, 0x01	; 1
    1946:	f1 f7       	brne	.-4      	; 0x1944 <LCD_displayCharacter+0x2d6>
    1948:	98 8b       	std	Y+16, r25	; 0x10
    194a:	8f 87       	std	Y+15, r24	; 0x0f
	_delay_ms(1);
	GPIO_writePin(PORT_ID_Enable, PIN_ID_Enable, LOGIC_LOW);
    194c:	83 e0       	ldi	r24, 0x03	; 3
    194e:	61 e0       	ldi	r22, 0x01	; 1
    1950:	40 e0       	ldi	r20, 0x00	; 0
    1952:	0e 94 90 10 	call	0x2120	; 0x2120 <GPIO_writePin>
    1956:	80 e0       	ldi	r24, 0x00	; 0
    1958:	90 e0       	ldi	r25, 0x00	; 0
    195a:	a0 e8       	ldi	r26, 0x80	; 128
    195c:	bf e3       	ldi	r27, 0x3F	; 63
    195e:	8b 87       	std	Y+11, r24	; 0x0b
    1960:	9c 87       	std	Y+12, r25	; 0x0c
    1962:	ad 87       	std	Y+13, r26	; 0x0d
    1964:	be 87       	std	Y+14, r27	; 0x0e
 */
void
_delay_ms(double __ms)
{
	uint16_t __ticks;
	double __tmp = ((F_CPU) / 4e3) * __ms;
    1966:	6b 85       	ldd	r22, Y+11	; 0x0b
    1968:	7c 85       	ldd	r23, Y+12	; 0x0c
    196a:	8d 85       	ldd	r24, Y+13	; 0x0d
    196c:	9e 85       	ldd	r25, Y+14	; 0x0e
    196e:	20 e0       	ldi	r18, 0x00	; 0
    1970:	30 e0       	ldi	r19, 0x00	; 0
    1972:	4a e7       	ldi	r20, 0x7A	; 122
    1974:	55 e4       	ldi	r21, 0x45	; 69
    1976:	0e 94 1f 02 	call	0x43e	; 0x43e <__mulsf3>
    197a:	dc 01       	movw	r26, r24
    197c:	cb 01       	movw	r24, r22
    197e:	8f 83       	std	Y+7, r24	; 0x07
    1980:	98 87       	std	Y+8, r25	; 0x08
    1982:	a9 87       	std	Y+9, r26	; 0x09
    1984:	ba 87       	std	Y+10, r27	; 0x0a
	if (__tmp < 1.0)
    1986:	6f 81       	ldd	r22, Y+7	; 0x07
    1988:	78 85       	ldd	r23, Y+8	; 0x08
    198a:	89 85       	ldd	r24, Y+9	; 0x09
    198c:	9a 85       	ldd	r25, Y+10	; 0x0a
    198e:	20 e0       	ldi	r18, 0x00	; 0
    1990:	30 e0       	ldi	r19, 0x00	; 0
    1992:	40 e8       	ldi	r20, 0x80	; 128
    1994:	5f e3       	ldi	r21, 0x3F	; 63
    1996:	0e 94 25 04 	call	0x84a	; 0x84a <__ltsf2>
    199a:	88 23       	and	r24, r24
    199c:	2c f4       	brge	.+10     	; 0x19a8 <LCD_displayCharacter+0x33a>
		__ticks = 1;
    199e:	81 e0       	ldi	r24, 0x01	; 1
    19a0:	90 e0       	ldi	r25, 0x00	; 0
    19a2:	9e 83       	std	Y+6, r25	; 0x06
    19a4:	8d 83       	std	Y+5, r24	; 0x05
    19a6:	3f c0       	rjmp	.+126    	; 0x1a26 <LCD_displayCharacter+0x3b8>
	else if (__tmp > 65535)
    19a8:	6f 81       	ldd	r22, Y+7	; 0x07
    19aa:	78 85       	ldd	r23, Y+8	; 0x08
    19ac:	89 85       	ldd	r24, Y+9	; 0x09
    19ae:	9a 85       	ldd	r25, Y+10	; 0x0a
    19b0:	20 e0       	ldi	r18, 0x00	; 0
    19b2:	3f ef       	ldi	r19, 0xFF	; 255
    19b4:	4f e7       	ldi	r20, 0x7F	; 127
    19b6:	57 e4       	ldi	r21, 0x47	; 71
    19b8:	0e 94 c5 03 	call	0x78a	; 0x78a <__gtsf2>
    19bc:	18 16       	cp	r1, r24
    19be:	4c f5       	brge	.+82     	; 0x1a12 <LCD_displayCharacter+0x3a4>
	{
		//	__ticks = requested delay in 1/10 ms
		__ticks = (uint16_t) (__ms * 10.0);
    19c0:	6b 85       	ldd	r22, Y+11	; 0x0b
    19c2:	7c 85       	ldd	r23, Y+12	; 0x0c
    19c4:	8d 85       	ldd	r24, Y+13	; 0x0d
    19c6:	9e 85       	ldd	r25, Y+14	; 0x0e
    19c8:	20 e0       	ldi	r18, 0x00	; 0
    19ca:	30 e0       	ldi	r19, 0x00	; 0
    19cc:	40 e2       	ldi	r20, 0x20	; 32
    19ce:	51 e4       	ldi	r21, 0x41	; 65
    19d0:	0e 94 1f 02 	call	0x43e	; 0x43e <__mulsf3>
    19d4:	dc 01       	movw	r26, r24
    19d6:	cb 01       	movw	r24, r22
    19d8:	bc 01       	movw	r22, r24
    19da:	cd 01       	movw	r24, r26
    19dc:	0e 94 49 00 	call	0x92	; 0x92 <__fixunssfsi>
    19e0:	dc 01       	movw	r26, r24
    19e2:	cb 01       	movw	r24, r22
    19e4:	9e 83       	std	Y+6, r25	; 0x06
    19e6:	8d 83       	std	Y+5, r24	; 0x05
    19e8:	0f c0       	rjmp	.+30     	; 0x1a08 <LCD_displayCharacter+0x39a>
    19ea:	80 e9       	ldi	r24, 0x90	; 144
    19ec:	91 e0       	ldi	r25, 0x01	; 1
    19ee:	9c 83       	std	Y+4, r25	; 0x04
    19f0:	8b 83       	std	Y+3, r24	; 0x03
    19f2:	8b 81       	ldd	r24, Y+3	; 0x03
    19f4:	9c 81       	ldd	r25, Y+4	; 0x04
    19f6:	01 97       	sbiw	r24, 0x01	; 1
    19f8:	f1 f7       	brne	.-4      	; 0x19f6 <LCD_displayCharacter+0x388>
    19fa:	9c 83       	std	Y+4, r25	; 0x04
    19fc:	8b 83       	std	Y+3, r24	; 0x03
		while(__ticks)
		{
			// wait 1/10 ms
			_delay_loop_2(((F_CPU) / 4e3) / 10);
			__ticks --;
    19fe:	8d 81       	ldd	r24, Y+5	; 0x05
    1a00:	9e 81       	ldd	r25, Y+6	; 0x06
    1a02:	01 97       	sbiw	r24, 0x01	; 1
    1a04:	9e 83       	std	Y+6, r25	; 0x06
    1a06:	8d 83       	std	Y+5, r24	; 0x05
		__ticks = 1;
	else if (__tmp > 65535)
	{
		//	__ticks = requested delay in 1/10 ms
		__ticks = (uint16_t) (__ms * 10.0);
		while(__ticks)
    1a08:	8d 81       	ldd	r24, Y+5	; 0x05
    1a0a:	9e 81       	ldd	r25, Y+6	; 0x06
    1a0c:	00 97       	sbiw	r24, 0x00	; 0
    1a0e:	69 f7       	brne	.-38     	; 0x19ea <LCD_displayCharacter+0x37c>
    1a10:	14 c0       	rjmp	.+40     	; 0x1a3a <LCD_displayCharacter+0x3cc>
			__ticks --;
		}
		return;
	}
	else
		__ticks = (uint16_t)__tmp;
    1a12:	6f 81       	ldd	r22, Y+7	; 0x07
    1a14:	78 85       	ldd	r23, Y+8	; 0x08
    1a16:	89 85       	ldd	r24, Y+9	; 0x09
    1a18:	9a 85       	ldd	r25, Y+10	; 0x0a
    1a1a:	0e 94 49 00 	call	0x92	; 0x92 <__fixunssfsi>
    1a1e:	dc 01       	movw	r26, r24
    1a20:	cb 01       	movw	r24, r22
    1a22:	9e 83       	std	Y+6, r25	; 0x06
    1a24:	8d 83       	std	Y+5, r24	; 0x05
    1a26:	8d 81       	ldd	r24, Y+5	; 0x05
    1a28:	9e 81       	ldd	r25, Y+6	; 0x06
    1a2a:	9a 83       	std	Y+2, r25	; 0x02
    1a2c:	89 83       	std	Y+1, r24	; 0x01
    1a2e:	89 81       	ldd	r24, Y+1	; 0x01
    1a30:	9a 81       	ldd	r25, Y+2	; 0x02
    1a32:	01 97       	sbiw	r24, 0x01	; 1
    1a34:	f1 f7       	brne	.-4      	; 0x1a32 <LCD_displayCharacter+0x3c4>
    1a36:	9a 83       	std	Y+2, r25	; 0x02
    1a38:	89 83       	std	Y+1, r24	; 0x01
	_delay_ms(1);
#endif
}
    1a3a:	e9 96       	adiw	r28, 0x39	; 57
    1a3c:	0f b6       	in	r0, 0x3f	; 63
    1a3e:	f8 94       	cli
    1a40:	de bf       	out	0x3e, r29	; 62
    1a42:	0f be       	out	0x3f, r0	; 63
    1a44:	cd bf       	out	0x3d, r28	; 61
    1a46:	cf 91       	pop	r28
    1a48:	df 91       	pop	r29
    1a4a:	08 95       	ret

00001a4c <LCD_init>:
void LCD_init(void) {
    1a4c:	df 93       	push	r29
    1a4e:	cf 93       	push	r28
    1a50:	cd b7       	in	r28, 0x3d	; 61
    1a52:	de b7       	in	r29, 0x3e	; 62
    1a54:	2e 97       	sbiw	r28, 0x0e	; 14
    1a56:	0f b6       	in	r0, 0x3f	; 63
    1a58:	f8 94       	cli
    1a5a:	de bf       	out	0x3e, r29	; 62
    1a5c:	0f be       	out	0x3f, r0	; 63
    1a5e:	cd bf       	out	0x3d, r28	; 61
	GPIO_setupPinDirection(PORT_ID_RS, PIN_ID_RS, PIN_OUTPUT);
    1a60:	83 e0       	ldi	r24, 0x03	; 3
    1a62:	60 e0       	ldi	r22, 0x00	; 0
    1a64:	41 e0       	ldi	r20, 0x01	; 1
    1a66:	0e 94 a5 0f 	call	0x1f4a	; 0x1f4a <GPIO_setupPinDirection>
	GPIO_setupPinDirection(PORT_ID_Enable, PIN_ID_Enable, PIN_OUTPUT);
    1a6a:	83 e0       	ldi	r24, 0x03	; 3
    1a6c:	61 e0       	ldi	r22, 0x01	; 1
    1a6e:	41 e0       	ldi	r20, 0x01	; 1
    1a70:	0e 94 a5 0f 	call	0x1f4a	; 0x1f4a <GPIO_setupPinDirection>
	GPIO_setupPinDirection(PORT_DATA_ID , LCD_DATA_D7 , PIN_OUTPUT);
	LCD_sendCommand(LCD_TWO_LINES_FOUR_BITS_MODE_INIT1 );
	LCD_sendCommand(LCD_TWO_LINES_FOUR_BITS_MODE_INIT2 );
	LCD_sendCommand(LCD_TWO_LINE_FOUR_PIN_MODE);
#elif(LCD_NUM_BIT_MODE == 8)
	GPIO_setupPortDirection(PORT_DATA_ID, PORT_OUTPUT);
    1a74:	82 e0       	ldi	r24, 0x02	; 2
    1a76:	6f ef       	ldi	r22, 0xFF	; 255
    1a78:	0e 94 17 12 	call	0x242e	; 0x242e <GPIO_setupPortDirection>
    1a7c:	80 e0       	ldi	r24, 0x00	; 0
    1a7e:	90 e0       	ldi	r25, 0x00	; 0
    1a80:	a0 ea       	ldi	r26, 0xA0	; 160
    1a82:	b1 e4       	ldi	r27, 0x41	; 65
    1a84:	8b 87       	std	Y+11, r24	; 0x0b
    1a86:	9c 87       	std	Y+12, r25	; 0x0c
    1a88:	ad 87       	std	Y+13, r26	; 0x0d
    1a8a:	be 87       	std	Y+14, r27	; 0x0e
 */
void
_delay_ms(double __ms)
{
	uint16_t __ticks;
	double __tmp = ((F_CPU) / 4e3) * __ms;
    1a8c:	6b 85       	ldd	r22, Y+11	; 0x0b
    1a8e:	7c 85       	ldd	r23, Y+12	; 0x0c
    1a90:	8d 85       	ldd	r24, Y+13	; 0x0d
    1a92:	9e 85       	ldd	r25, Y+14	; 0x0e
    1a94:	20 e0       	ldi	r18, 0x00	; 0
    1a96:	30 e0       	ldi	r19, 0x00	; 0
    1a98:	4a e7       	ldi	r20, 0x7A	; 122
    1a9a:	55 e4       	ldi	r21, 0x45	; 69
    1a9c:	0e 94 1f 02 	call	0x43e	; 0x43e <__mulsf3>
    1aa0:	dc 01       	movw	r26, r24
    1aa2:	cb 01       	movw	r24, r22
    1aa4:	8f 83       	std	Y+7, r24	; 0x07
    1aa6:	98 87       	std	Y+8, r25	; 0x08
    1aa8:	a9 87       	std	Y+9, r26	; 0x09
    1aaa:	ba 87       	std	Y+10, r27	; 0x0a
	if (__tmp < 1.0)
    1aac:	6f 81       	ldd	r22, Y+7	; 0x07
    1aae:	78 85       	ldd	r23, Y+8	; 0x08
    1ab0:	89 85       	ldd	r24, Y+9	; 0x09
    1ab2:	9a 85       	ldd	r25, Y+10	; 0x0a
    1ab4:	20 e0       	ldi	r18, 0x00	; 0
    1ab6:	30 e0       	ldi	r19, 0x00	; 0
    1ab8:	40 e8       	ldi	r20, 0x80	; 128
    1aba:	5f e3       	ldi	r21, 0x3F	; 63
    1abc:	0e 94 25 04 	call	0x84a	; 0x84a <__ltsf2>
    1ac0:	88 23       	and	r24, r24
    1ac2:	2c f4       	brge	.+10     	; 0x1ace <LCD_init+0x82>
		__ticks = 1;
    1ac4:	81 e0       	ldi	r24, 0x01	; 1
    1ac6:	90 e0       	ldi	r25, 0x00	; 0
    1ac8:	9e 83       	std	Y+6, r25	; 0x06
    1aca:	8d 83       	std	Y+5, r24	; 0x05
    1acc:	3f c0       	rjmp	.+126    	; 0x1b4c <LCD_init+0x100>
	else if (__tmp > 65535)
    1ace:	6f 81       	ldd	r22, Y+7	; 0x07
    1ad0:	78 85       	ldd	r23, Y+8	; 0x08
    1ad2:	89 85       	ldd	r24, Y+9	; 0x09
    1ad4:	9a 85       	ldd	r25, Y+10	; 0x0a
    1ad6:	20 e0       	ldi	r18, 0x00	; 0
    1ad8:	3f ef       	ldi	r19, 0xFF	; 255
    1ada:	4f e7       	ldi	r20, 0x7F	; 127
    1adc:	57 e4       	ldi	r21, 0x47	; 71
    1ade:	0e 94 c5 03 	call	0x78a	; 0x78a <__gtsf2>
    1ae2:	18 16       	cp	r1, r24
    1ae4:	4c f5       	brge	.+82     	; 0x1b38 <LCD_init+0xec>
	{
		//	__ticks = requested delay in 1/10 ms
		__ticks = (uint16_t) (__ms * 10.0);
    1ae6:	6b 85       	ldd	r22, Y+11	; 0x0b
    1ae8:	7c 85       	ldd	r23, Y+12	; 0x0c
    1aea:	8d 85       	ldd	r24, Y+13	; 0x0d
    1aec:	9e 85       	ldd	r25, Y+14	; 0x0e
    1aee:	20 e0       	ldi	r18, 0x00	; 0
    1af0:	30 e0       	ldi	r19, 0x00	; 0
    1af2:	40 e2       	ldi	r20, 0x20	; 32
    1af4:	51 e4       	ldi	r21, 0x41	; 65
    1af6:	0e 94 1f 02 	call	0x43e	; 0x43e <__mulsf3>
    1afa:	dc 01       	movw	r26, r24
    1afc:	cb 01       	movw	r24, r22
    1afe:	bc 01       	movw	r22, r24
    1b00:	cd 01       	movw	r24, r26
    1b02:	0e 94 49 00 	call	0x92	; 0x92 <__fixunssfsi>
    1b06:	dc 01       	movw	r26, r24
    1b08:	cb 01       	movw	r24, r22
    1b0a:	9e 83       	std	Y+6, r25	; 0x06
    1b0c:	8d 83       	std	Y+5, r24	; 0x05
    1b0e:	0f c0       	rjmp	.+30     	; 0x1b2e <LCD_init+0xe2>
    1b10:	80 e9       	ldi	r24, 0x90	; 144
    1b12:	91 e0       	ldi	r25, 0x01	; 1
    1b14:	9c 83       	std	Y+4, r25	; 0x04
    1b16:	8b 83       	std	Y+3, r24	; 0x03
    1b18:	8b 81       	ldd	r24, Y+3	; 0x03
    1b1a:	9c 81       	ldd	r25, Y+4	; 0x04
    1b1c:	01 97       	sbiw	r24, 0x01	; 1
    1b1e:	f1 f7       	brne	.-4      	; 0x1b1c <LCD_init+0xd0>
    1b20:	9c 83       	std	Y+4, r25	; 0x04
    1b22:	8b 83       	std	Y+3, r24	; 0x03
		while(__ticks)
		{
			// wait 1/10 ms
			_delay_loop_2(((F_CPU) / 4e3) / 10);
			__ticks --;
    1b24:	8d 81       	ldd	r24, Y+5	; 0x05
    1b26:	9e 81       	ldd	r25, Y+6	; 0x06
    1b28:	01 97       	sbiw	r24, 0x01	; 1
    1b2a:	9e 83       	std	Y+6, r25	; 0x06
    1b2c:	8d 83       	std	Y+5, r24	; 0x05
		__ticks = 1;
	else if (__tmp > 65535)
	{
		//	__ticks = requested delay in 1/10 ms
		__ticks = (uint16_t) (__ms * 10.0);
		while(__ticks)
    1b2e:	8d 81       	ldd	r24, Y+5	; 0x05
    1b30:	9e 81       	ldd	r25, Y+6	; 0x06
    1b32:	00 97       	sbiw	r24, 0x00	; 0
    1b34:	69 f7       	brne	.-38     	; 0x1b10 <LCD_init+0xc4>
    1b36:	14 c0       	rjmp	.+40     	; 0x1b60 <LCD_init+0x114>
			__ticks --;
		}
		return;
	}
	else
		__ticks = (uint16_t)__tmp;
    1b38:	6f 81       	ldd	r22, Y+7	; 0x07
    1b3a:	78 85       	ldd	r23, Y+8	; 0x08
    1b3c:	89 85       	ldd	r24, Y+9	; 0x09
    1b3e:	9a 85       	ldd	r25, Y+10	; 0x0a
    1b40:	0e 94 49 00 	call	0x92	; 0x92 <__fixunssfsi>
    1b44:	dc 01       	movw	r26, r24
    1b46:	cb 01       	movw	r24, r22
    1b48:	9e 83       	std	Y+6, r25	; 0x06
    1b4a:	8d 83       	std	Y+5, r24	; 0x05
    1b4c:	8d 81       	ldd	r24, Y+5	; 0x05
    1b4e:	9e 81       	ldd	r25, Y+6	; 0x06
    1b50:	9a 83       	std	Y+2, r25	; 0x02
    1b52:	89 83       	std	Y+1, r24	; 0x01
    1b54:	89 81       	ldd	r24, Y+1	; 0x01
    1b56:	9a 81       	ldd	r25, Y+2	; 0x02
    1b58:	01 97       	sbiw	r24, 0x01	; 1
    1b5a:	f1 f7       	brne	.-4      	; 0x1b58 <LCD_init+0x10c>
    1b5c:	9a 83       	std	Y+2, r25	; 0x02
    1b5e:	89 83       	std	Y+1, r24	; 0x01
	_delay_ms(20);
	LCD_sendCommand(LCD_TWO_LINE_EIGHT_PIN_MODE);// 4BIT Mode 2 line
    1b60:	88 e3       	ldi	r24, 0x38	; 56
    1b62:	0e 94 48 09 	call	0x1290	; 0x1290 <LCD_sendCommand>
#endif
	LCD_sendCommand(LCD_Cursor_OFF);// Cursor Off
    1b66:	8c e0       	ldi	r24, 0x0C	; 12
    1b68:	0e 94 48 09 	call	0x1290	; 0x1290 <LCD_sendCommand>
	LCD_sendCommand(LCD_Clear);//Clear Display
    1b6c:	81 e0       	ldi	r24, 0x01	; 1
    1b6e:	0e 94 48 09 	call	0x1290	; 0x1290 <LCD_sendCommand>
}
    1b72:	2e 96       	adiw	r28, 0x0e	; 14
    1b74:	0f b6       	in	r0, 0x3f	; 63
    1b76:	f8 94       	cli
    1b78:	de bf       	out	0x3e, r29	; 62
    1b7a:	0f be       	out	0x3f, r0	; 63
    1b7c:	cd bf       	out	0x3d, r28	; 61
    1b7e:	cf 91       	pop	r28
    1b80:	df 91       	pop	r29
    1b82:	08 95       	ret

00001b84 <LCD_displayString>:
void LCD_displayString(uint8 *string) {
    1b84:	df 93       	push	r29
    1b86:	cf 93       	push	r28
    1b88:	00 d0       	rcall	.+0      	; 0x1b8a <LCD_displayString+0x6>
    1b8a:	0f 92       	push	r0
    1b8c:	cd b7       	in	r28, 0x3d	; 61
    1b8e:	de b7       	in	r29, 0x3e	; 62
    1b90:	9b 83       	std	Y+3, r25	; 0x03
    1b92:	8a 83       	std	Y+2, r24	; 0x02
	uint8 i = 0 ;
    1b94:	19 82       	std	Y+1, r1	; 0x01
    1b96:	0e c0       	rjmp	.+28     	; 0x1bb4 <LCD_displayString+0x30>
	while (string[i] != '\0') {
		LCD_displayCharacter(string[i]);
    1b98:	89 81       	ldd	r24, Y+1	; 0x01
    1b9a:	28 2f       	mov	r18, r24
    1b9c:	30 e0       	ldi	r19, 0x00	; 0
    1b9e:	8a 81       	ldd	r24, Y+2	; 0x02
    1ba0:	9b 81       	ldd	r25, Y+3	; 0x03
    1ba2:	fc 01       	movw	r30, r24
    1ba4:	e2 0f       	add	r30, r18
    1ba6:	f3 1f       	adc	r31, r19
    1ba8:	80 81       	ld	r24, Z
    1baa:	0e 94 37 0b 	call	0x166e	; 0x166e <LCD_displayCharacter>
		i++;
    1bae:	89 81       	ldd	r24, Y+1	; 0x01
    1bb0:	8f 5f       	subi	r24, 0xFF	; 255
    1bb2:	89 83       	std	Y+1, r24	; 0x01
	LCD_sendCommand(LCD_Cursor_OFF);// Cursor Off
	LCD_sendCommand(LCD_Clear);//Clear Display
}
void LCD_displayString(uint8 *string) {
	uint8 i = 0 ;
	while (string[i] != '\0') {
    1bb4:	89 81       	ldd	r24, Y+1	; 0x01
    1bb6:	28 2f       	mov	r18, r24
    1bb8:	30 e0       	ldi	r19, 0x00	; 0
    1bba:	8a 81       	ldd	r24, Y+2	; 0x02
    1bbc:	9b 81       	ldd	r25, Y+3	; 0x03
    1bbe:	fc 01       	movw	r30, r24
    1bc0:	e2 0f       	add	r30, r18
    1bc2:	f3 1f       	adc	r31, r19
    1bc4:	80 81       	ld	r24, Z
    1bc6:	88 23       	and	r24, r24
    1bc8:	39 f7       	brne	.-50     	; 0x1b98 <LCD_displayString+0x14>
		LCD_displayCharacter(string[i]);
		i++;
	}

}
    1bca:	0f 90       	pop	r0
    1bcc:	0f 90       	pop	r0
    1bce:	0f 90       	pop	r0
    1bd0:	cf 91       	pop	r28
    1bd2:	df 91       	pop	r29
    1bd4:	08 95       	ret

00001bd6 <LCD_MOVE_Cursor>:
void LCD_MOVE_Cursor(uint8 ROW , uint8 COL){
    1bd6:	df 93       	push	r29
    1bd8:	cf 93       	push	r28
    1bda:	00 d0       	rcall	.+0      	; 0x1bdc <LCD_MOVE_Cursor+0x6>
    1bdc:	00 d0       	rcall	.+0      	; 0x1bde <LCD_MOVE_Cursor+0x8>
    1bde:	0f 92       	push	r0
    1be0:	cd b7       	in	r28, 0x3d	; 61
    1be2:	de b7       	in	r29, 0x3e	; 62
    1be4:	8a 83       	std	Y+2, r24	; 0x02
    1be6:	6b 83       	std	Y+3, r22	; 0x03
	uint8 lcd_memory_address ;
	switch(ROW){
    1be8:	8a 81       	ldd	r24, Y+2	; 0x02
    1bea:	28 2f       	mov	r18, r24
    1bec:	30 e0       	ldi	r19, 0x00	; 0
    1bee:	3d 83       	std	Y+5, r19	; 0x05
    1bf0:	2c 83       	std	Y+4, r18	; 0x04
    1bf2:	8c 81       	ldd	r24, Y+4	; 0x04
    1bf4:	9d 81       	ldd	r25, Y+5	; 0x05
    1bf6:	81 30       	cpi	r24, 0x01	; 1
    1bf8:	91 05       	cpc	r25, r1
    1bfa:	c1 f0       	breq	.+48     	; 0x1c2c <LCD_MOVE_Cursor+0x56>
    1bfc:	2c 81       	ldd	r18, Y+4	; 0x04
    1bfe:	3d 81       	ldd	r19, Y+5	; 0x05
    1c00:	22 30       	cpi	r18, 0x02	; 2
    1c02:	31 05       	cpc	r19, r1
    1c04:	2c f4       	brge	.+10     	; 0x1c10 <LCD_MOVE_Cursor+0x3a>
    1c06:	8c 81       	ldd	r24, Y+4	; 0x04
    1c08:	9d 81       	ldd	r25, Y+5	; 0x05
    1c0a:	00 97       	sbiw	r24, 0x00	; 0
    1c0c:	61 f0       	breq	.+24     	; 0x1c26 <LCD_MOVE_Cursor+0x50>
    1c0e:	19 c0       	rjmp	.+50     	; 0x1c42 <LCD_MOVE_Cursor+0x6c>
    1c10:	2c 81       	ldd	r18, Y+4	; 0x04
    1c12:	3d 81       	ldd	r19, Y+5	; 0x05
    1c14:	22 30       	cpi	r18, 0x02	; 2
    1c16:	31 05       	cpc	r19, r1
    1c18:	69 f0       	breq	.+26     	; 0x1c34 <LCD_MOVE_Cursor+0x5e>
    1c1a:	8c 81       	ldd	r24, Y+4	; 0x04
    1c1c:	9d 81       	ldd	r25, Y+5	; 0x05
    1c1e:	83 30       	cpi	r24, 0x03	; 3
    1c20:	91 05       	cpc	r25, r1
    1c22:	61 f0       	breq	.+24     	; 0x1c3c <LCD_MOVE_Cursor+0x66>
    1c24:	0e c0       	rjmp	.+28     	; 0x1c42 <LCD_MOVE_Cursor+0x6c>
	case 0 :
		lcd_memory_address = COL ;
    1c26:	8b 81       	ldd	r24, Y+3	; 0x03
    1c28:	89 83       	std	Y+1, r24	; 0x01
    1c2a:	0b c0       	rjmp	.+22     	; 0x1c42 <LCD_MOVE_Cursor+0x6c>
		break ;
	case 1:
		lcd_memory_address=COL+0x40;
    1c2c:	8b 81       	ldd	r24, Y+3	; 0x03
    1c2e:	80 5c       	subi	r24, 0xC0	; 192
    1c30:	89 83       	std	Y+1, r24	; 0x01
    1c32:	07 c0       	rjmp	.+14     	; 0x1c42 <LCD_MOVE_Cursor+0x6c>
		break ;
	case 2:
		lcd_memory_address=COL+0x10;
    1c34:	8b 81       	ldd	r24, Y+3	; 0x03
    1c36:	80 5f       	subi	r24, 0xF0	; 240
    1c38:	89 83       	std	Y+1, r24	; 0x01
    1c3a:	03 c0       	rjmp	.+6      	; 0x1c42 <LCD_MOVE_Cursor+0x6c>
		break ;
	case 3:
		lcd_memory_address=COL+0x50;
    1c3c:	8b 81       	ldd	r24, Y+3	; 0x03
    1c3e:	80 5b       	subi	r24, 0xB0	; 176
    1c40:	89 83       	std	Y+1, r24	; 0x01
		break ;
	}
	LCD_sendCommand(lcd_memory_address |LCD_Cursor_location );
    1c42:	89 81       	ldd	r24, Y+1	; 0x01
    1c44:	80 68       	ori	r24, 0x80	; 128
    1c46:	0e 94 48 09 	call	0x1290	; 0x1290 <LCD_sendCommand>
}
    1c4a:	0f 90       	pop	r0
    1c4c:	0f 90       	pop	r0
    1c4e:	0f 90       	pop	r0
    1c50:	0f 90       	pop	r0
    1c52:	0f 90       	pop	r0
    1c54:	cf 91       	pop	r28
    1c56:	df 91       	pop	r29
    1c58:	08 95       	ret

00001c5a <LCD_Display_String_ROW_COL>:
void LCD_Display_String_ROW_COL(uint8 ROW , uint8 COL , char *Str){
    1c5a:	df 93       	push	r29
    1c5c:	cf 93       	push	r28
    1c5e:	00 d0       	rcall	.+0      	; 0x1c60 <LCD_Display_String_ROW_COL+0x6>
    1c60:	00 d0       	rcall	.+0      	; 0x1c62 <LCD_Display_String_ROW_COL+0x8>
    1c62:	cd b7       	in	r28, 0x3d	; 61
    1c64:	de b7       	in	r29, 0x3e	; 62
    1c66:	89 83       	std	Y+1, r24	; 0x01
    1c68:	6a 83       	std	Y+2, r22	; 0x02
    1c6a:	5c 83       	std	Y+4, r21	; 0x04
    1c6c:	4b 83       	std	Y+3, r20	; 0x03
	LCD_MOVE_Cursor(ROW , COL);
    1c6e:	89 81       	ldd	r24, Y+1	; 0x01
    1c70:	6a 81       	ldd	r22, Y+2	; 0x02
    1c72:	0e 94 eb 0d 	call	0x1bd6	; 0x1bd6 <LCD_MOVE_Cursor>
	LCD_displayString(Str);
    1c76:	8b 81       	ldd	r24, Y+3	; 0x03
    1c78:	9c 81       	ldd	r25, Y+4	; 0x04
    1c7a:	0e 94 c2 0d 	call	0x1b84	; 0x1b84 <LCD_displayString>
}
    1c7e:	0f 90       	pop	r0
    1c80:	0f 90       	pop	r0
    1c82:	0f 90       	pop	r0
    1c84:	0f 90       	pop	r0
    1c86:	cf 91       	pop	r28
    1c88:	df 91       	pop	r29
    1c8a:	08 95       	ret

00001c8c <LCD_Clear_Command>:
void LCD_Clear_Command(void){
    1c8c:	df 93       	push	r29
    1c8e:	cf 93       	push	r28
    1c90:	cd b7       	in	r28, 0x3d	; 61
    1c92:	de b7       	in	r29, 0x3e	; 62
	LCD_sendCommand(LCD_Clear);
    1c94:	81 e0       	ldi	r24, 0x01	; 1
    1c96:	0e 94 48 09 	call	0x1290	; 0x1290 <LCD_sendCommand>
}
    1c9a:	cf 91       	pop	r28
    1c9c:	df 91       	pop	r29
    1c9e:	08 95       	ret

00001ca0 <LCD_Intger_TO_String>:
void LCD_Intger_TO_String(int data_num){
    1ca0:	df 93       	push	r29
    1ca2:	cf 93       	push	r28
    1ca4:	cd b7       	in	r28, 0x3d	; 61
    1ca6:	de b7       	in	r29, 0x3e	; 62
    1ca8:	62 97       	sbiw	r28, 0x12	; 18
    1caa:	0f b6       	in	r0, 0x3f	; 63
    1cac:	f8 94       	cli
    1cae:	de bf       	out	0x3e, r29	; 62
    1cb0:	0f be       	out	0x3f, r0	; 63
    1cb2:	cd bf       	out	0x3d, r28	; 61
    1cb4:	9a 8b       	std	Y+18, r25	; 0x12
    1cb6:	89 8b       	std	Y+17, r24	; 0x11
char buff[16];
itoa(data_num , buff , 10 );// 10 is base
    1cb8:	89 89       	ldd	r24, Y+17	; 0x11
    1cba:	9a 89       	ldd	r25, Y+18	; 0x12
    1cbc:	9e 01       	movw	r18, r28
    1cbe:	2f 5f       	subi	r18, 0xFF	; 255
    1cc0:	3f 4f       	sbci	r19, 0xFF	; 255
    1cc2:	b9 01       	movw	r22, r18
    1cc4:	4a e0       	ldi	r20, 0x0A	; 10
    1cc6:	50 e0       	ldi	r21, 0x00	; 0
    1cc8:	0e 94 96 13 	call	0x272c	; 0x272c <itoa>
LCD_displayString(buff);
    1ccc:	ce 01       	movw	r24, r28
    1cce:	01 96       	adiw	r24, 0x01	; 1
    1cd0:	0e 94 c2 0d 	call	0x1b84	; 0x1b84 <LCD_displayString>
}
    1cd4:	62 96       	adiw	r28, 0x12	; 18
    1cd6:	0f b6       	in	r0, 0x3f	; 63
    1cd8:	f8 94       	cli
    1cda:	de bf       	out	0x3e, r29	; 62
    1cdc:	0f be       	out	0x3f, r0	; 63
    1cde:	cd bf       	out	0x3d, r28	; 61
    1ce0:	cf 91       	pop	r28
    1ce2:	df 91       	pop	r29
    1ce4:	08 95       	ret

00001ce6 <LDR_getLightIntensity>:
 *  Created on: Jun 20, 2025
 *      Author: Eman Sayed 
 */
#include"LDR.h"
#include"ADC.h"
uint16 LDR_getLightIntensity(void){
    1ce6:	df 93       	push	r29
    1ce8:	cf 93       	push	r28
    1cea:	00 d0       	rcall	.+0      	; 0x1cec <LDR_getLightIntensity+0x6>
    1cec:	0f 92       	push	r0
    1cee:	cd b7       	in	r28, 0x3d	; 61
    1cf0:	de b7       	in	r29, 0x3e	; 62
//Reads the LDR sensor value and returns the light intensity.
	uint8 LDR_value = 0;
    1cf2:	1b 82       	std	Y+3, r1	; 0x03

	uint16 adc_value = 0;
    1cf4:	1a 82       	std	Y+2, r1	; 0x02
    1cf6:	19 82       	std	Y+1, r1	; 0x01
	adc_value = ADC_readChannel(LDR_SENSOR_CHANNEL_ID);
    1cf8:	80 e0       	ldi	r24, 0x00	; 0
    1cfa:	0e 94 56 07 	call	0xeac	; 0xeac <ADC_readChannel>
    1cfe:	9a 83       	std	Y+2, r25	; 0x02
    1d00:	89 83       	std	Y+1, r24	; 0x01
	LDR_value = (uint8)(((uint32)adc_value*LDR_SENSOR_MAX_LIGHT_INTENSITY*ADC_REF_VOLT_VALUE)/(ADC_MAXIMUM_VALUE*LDR_SENSOR_MAX_VOLT_VALUE));
    1d02:	89 81       	ldd	r24, Y+1	; 0x01
    1d04:	9a 81       	ldd	r25, Y+2	; 0x02
    1d06:	cc 01       	movw	r24, r24
    1d08:	a0 e0       	ldi	r26, 0x00	; 0
    1d0a:	b0 e0       	ldi	r27, 0x00	; 0
    1d0c:	24 e6       	ldi	r18, 0x64	; 100
    1d0e:	30 e0       	ldi	r19, 0x00	; 0
    1d10:	40 e0       	ldi	r20, 0x00	; 0
    1d12:	50 e0       	ldi	r21, 0x00	; 0
    1d14:	bc 01       	movw	r22, r24
    1d16:	cd 01       	movw	r24, r26
    1d18:	0e 94 2c 13 	call	0x2658	; 0x2658 <__mulsi3>
    1d1c:	dc 01       	movw	r26, r24
    1d1e:	cb 01       	movw	r24, r22
    1d20:	bc 01       	movw	r22, r24
    1d22:	cd 01       	movw	r24, r26
    1d24:	0e 94 a9 04 	call	0x952	; 0x952 <__floatunsisf>
    1d28:	dc 01       	movw	r26, r24
    1d2a:	cb 01       	movw	r24, r22
    1d2c:	bc 01       	movw	r22, r24
    1d2e:	cd 01       	movw	r24, r26
    1d30:	2a e0       	ldi	r18, 0x0A	; 10
    1d32:	37 ed       	ldi	r19, 0xD7	; 215
    1d34:	43 e2       	ldi	r20, 0x23	; 35
    1d36:	50 e4       	ldi	r21, 0x40	; 64
    1d38:	0e 94 1f 02 	call	0x43e	; 0x43e <__mulsf3>
    1d3c:	dc 01       	movw	r26, r24
    1d3e:	cb 01       	movw	r24, r22
    1d40:	bc 01       	movw	r22, r24
    1d42:	cd 01       	movw	r24, r26
    1d44:	24 e1       	ldi	r18, 0x14	; 20
    1d46:	3e ea       	ldi	r19, 0xAE	; 174
    1d48:	43 e2       	ldi	r20, 0x23	; 35
    1d4a:	55 e4       	ldi	r21, 0x45	; 69
    1d4c:	0e 94 19 03 	call	0x632	; 0x632 <__divsf3>
    1d50:	dc 01       	movw	r26, r24
    1d52:	cb 01       	movw	r24, r22
    1d54:	bc 01       	movw	r22, r24
    1d56:	cd 01       	movw	r24, r26
    1d58:	0e 94 49 00 	call	0x92	; 0x92 <__fixunssfsi>
    1d5c:	dc 01       	movw	r26, r24
    1d5e:	cb 01       	movw	r24, r22
    1d60:	8b 83       	std	Y+3, r24	; 0x03

	return LDR_value ;
    1d62:	8b 81       	ldd	r24, Y+3	; 0x03
    1d64:	88 2f       	mov	r24, r24
    1d66:	90 e0       	ldi	r25, 0x00	; 0
}
    1d68:	0f 90       	pop	r0
    1d6a:	0f 90       	pop	r0
    1d6c:	0f 90       	pop	r0
    1d6e:	cf 91       	pop	r28
    1d70:	df 91       	pop	r29
    1d72:	08 95       	ret

00001d74 <LEDS_init>:
 */
#include"LED.h"
#include"gpio.h"
#include"LDR.h"

void LEDS_init(void){
    1d74:	df 93       	push	r29
    1d76:	cf 93       	push	r28
    1d78:	cd b7       	in	r28, 0x3d	; 61
    1d7a:	de b7       	in	r29, 0x3e	; 62
/*
 * Initializes all Leds (red, green, blue) pins direction.
   Turn off all the Leds
 * */
	GPIO_setupPinDirection(PORTB_ID,PIN5_ID,PIN_OUTPUT);
    1d7c:	81 e0       	ldi	r24, 0x01	; 1
    1d7e:	65 e0       	ldi	r22, 0x05	; 5
    1d80:	41 e0       	ldi	r20, 0x01	; 1
    1d82:	0e 94 a5 0f 	call	0x1f4a	; 0x1f4a <GPIO_setupPinDirection>
	GPIO_setupPinDirection(PORTB_ID,PIN6_ID,PIN_OUTPUT);
    1d86:	81 e0       	ldi	r24, 0x01	; 1
    1d88:	66 e0       	ldi	r22, 0x06	; 6
    1d8a:	41 e0       	ldi	r20, 0x01	; 1
    1d8c:	0e 94 a5 0f 	call	0x1f4a	; 0x1f4a <GPIO_setupPinDirection>
	GPIO_setupPinDirection(PORTB_ID,PIN7_ID,PIN_OUTPUT);
    1d90:	81 e0       	ldi	r24, 0x01	; 1
    1d92:	67 e0       	ldi	r22, 0x07	; 7
    1d94:	41 e0       	ldi	r20, 0x01	; 1
    1d96:	0e 94 a5 0f 	call	0x1f4a	; 0x1f4a <GPIO_setupPinDirection>
	GPIO_writePin(PORTB_ID,led_red,LOGIC_LOW);
    1d9a:	81 e0       	ldi	r24, 0x01	; 1
    1d9c:	65 e0       	ldi	r22, 0x05	; 5
    1d9e:	40 e0       	ldi	r20, 0x00	; 0
    1da0:	0e 94 90 10 	call	0x2120	; 0x2120 <GPIO_writePin>
	GPIO_writePin(PORTB_ID,led_green,LOGIC_LOW);
    1da4:	81 e0       	ldi	r24, 0x01	; 1
    1da6:	66 e0       	ldi	r22, 0x06	; 6
    1da8:	40 e0       	ldi	r20, 0x00	; 0
    1daa:	0e 94 90 10 	call	0x2120	; 0x2120 <GPIO_writePin>
	GPIO_writePin(PORTB_ID,led_blue,LOGIC_LOW);
    1dae:	81 e0       	ldi	r24, 0x01	; 1
    1db0:	67 e0       	ldi	r22, 0x07	; 7
    1db2:	40 e0       	ldi	r20, 0x00	; 0
    1db4:	0e 94 90 10 	call	0x2120	; 0x2120 <GPIO_writePin>
}
    1db8:	cf 91       	pop	r28
    1dba:	df 91       	pop	r29
    1dbc:	08 95       	ret

00001dbe <LED_on>:
void LED_on(uint8 LED_ID_id) {
    1dbe:	df 93       	push	r29
    1dc0:	cf 93       	push	r28
    1dc2:	0f 92       	push	r0
    1dc4:	cd b7       	in	r28, 0x3d	; 61
    1dc6:	de b7       	in	r29, 0x3e	; 62
    1dc8:	89 83       	std	Y+1, r24	; 0x01
	GPIO_writePin(PORTB_ID,LED_ID_id,LOGIC_LOW);
	GPIO_writePin(PORTB_ID,LED_ID_id,LOGIC_LOW);
	GPIO_writePin(PORTB_ID,LED_ID_id,LOGIC_LOW);
#elif(LED_STATE == LED_POSITIVE_LOGIC)
	//LED is connect Positive Logic
	GPIO_writePin(PORTB_ID,LED_ID_id,LOGIC_HIGH);
    1dca:	81 e0       	ldi	r24, 0x01	; 1
    1dcc:	69 81       	ldd	r22, Y+1	; 0x01
    1dce:	41 e0       	ldi	r20, 0x01	; 1
    1dd0:	0e 94 90 10 	call	0x2120	; 0x2120 <GPIO_writePin>
	GPIO_writePin(PORTB_ID,LED_ID_id,LOGIC_HIGH);
    1dd4:	81 e0       	ldi	r24, 0x01	; 1
    1dd6:	69 81       	ldd	r22, Y+1	; 0x01
    1dd8:	41 e0       	ldi	r20, 0x01	; 1
    1dda:	0e 94 90 10 	call	0x2120	; 0x2120 <GPIO_writePin>
	GPIO_writePin(PORTB_ID,LED_ID_id,LOGIC_HIGH);
    1dde:	81 e0       	ldi	r24, 0x01	; 1
    1de0:	69 81       	ldd	r22, Y+1	; 0x01
    1de2:	41 e0       	ldi	r20, 0x01	; 1
    1de4:	0e 94 90 10 	call	0x2120	; 0x2120 <GPIO_writePin>
#endif

}
    1de8:	0f 90       	pop	r0
    1dea:	cf 91       	pop	r28
    1dec:	df 91       	pop	r29
    1dee:	08 95       	ret

00001df0 <LED_off>:
void LED_off(uint8 LED_ID_id) {
    1df0:	df 93       	push	r29
    1df2:	cf 93       	push	r28
    1df4:	0f 92       	push	r0
    1df6:	cd b7       	in	r28, 0x3d	; 61
    1df8:	de b7       	in	r29, 0x3e	; 62
    1dfa:	89 83       	std	Y+1, r24	; 0x01
	GPIO_writePin(PORTB_ID,LED_ID_id,LOGIC_HIGH);
	GPIO_writePin(PORTB_ID,LED_ID_id,LOGIC_HIGH);
	GPIO_writePin(PORTB_ID,LED_ID_id,LOGIC_HIGH);
#elif(LED_STATE == LED_POSITIVE_LOGIC)
	//LED is connect Positive Logic
	GPIO_writePin(PORTB_ID,LED_ID_id,LOGIC_LOW);
    1dfc:	81 e0       	ldi	r24, 0x01	; 1
    1dfe:	69 81       	ldd	r22, Y+1	; 0x01
    1e00:	40 e0       	ldi	r20, 0x00	; 0
    1e02:	0e 94 90 10 	call	0x2120	; 0x2120 <GPIO_writePin>
	GPIO_writePin(PORTB_ID,LED_ID_id,LOGIC_LOW);
    1e06:	81 e0       	ldi	r24, 0x01	; 1
    1e08:	69 81       	ldd	r22, Y+1	; 0x01
    1e0a:	40 e0       	ldi	r20, 0x00	; 0
    1e0c:	0e 94 90 10 	call	0x2120	; 0x2120 <GPIO_writePin>
	GPIO_writePin(PORTB_ID,LED_ID_id,LOGIC_LOW);
    1e10:	81 e0       	ldi	r24, 0x01	; 1
    1e12:	69 81       	ldd	r22, Y+1	; 0x01
    1e14:	40 e0       	ldi	r20, 0x00	; 0
    1e16:	0e 94 90 10 	call	0x2120	; 0x2120 <GPIO_writePin>
#endif
}
    1e1a:	0f 90       	pop	r0
    1e1c:	cf 91       	pop	r28
    1e1e:	df 91       	pop	r29
    1e20:	08 95       	ret

00001e22 <DcMotor_Init>:
#include"gpio.h"
#include"PWM.h"
#include"std_types.h"
#include"common_macros.h"
#include<avr/io.h>
void DcMotor_Init(void){
    1e22:	df 93       	push	r29
    1e24:	cf 93       	push	r28
    1e26:	cd b7       	in	r28, 0x3d	; 61
    1e28:	de b7       	in	r29, 0x3e	; 62
	GPIO_setupPinDirection(PORTB_ID,PIN0_ID,PIN_OUTPUT);
    1e2a:	81 e0       	ldi	r24, 0x01	; 1
    1e2c:	60 e0       	ldi	r22, 0x00	; 0
    1e2e:	41 e0       	ldi	r20, 0x01	; 1
    1e30:	0e 94 a5 0f 	call	0x1f4a	; 0x1f4a <GPIO_setupPinDirection>
	GPIO_setupPinDirection(PORTB_ID,PIN1_ID,PIN_OUTPUT);
    1e34:	81 e0       	ldi	r24, 0x01	; 1
    1e36:	61 e0       	ldi	r22, 0x01	; 1
    1e38:	41 e0       	ldi	r20, 0x01	; 1
    1e3a:	0e 94 a5 0f 	call	0x1f4a	; 0x1f4a <GPIO_setupPinDirection>
	GPIO_setupPinDirection(PORTB_ID,PIN3_ID,PIN_OUTPUT);
    1e3e:	81 e0       	ldi	r24, 0x01	; 1
    1e40:	63 e0       	ldi	r22, 0x03	; 3
    1e42:	41 e0       	ldi	r20, 0x01	; 1
    1e44:	0e 94 a5 0f 	call	0x1f4a	; 0x1f4a <GPIO_setupPinDirection>
	GPIO_writePin(PORTB_ID ,PIN0_ID,LOGIC_LOW);
    1e48:	81 e0       	ldi	r24, 0x01	; 1
    1e4a:	60 e0       	ldi	r22, 0x00	; 0
    1e4c:	40 e0       	ldi	r20, 0x00	; 0
    1e4e:	0e 94 90 10 	call	0x2120	; 0x2120 <GPIO_writePin>
	GPIO_writePin(PORTB_ID ,PIN1_ID,LOGIC_LOW);
    1e52:	81 e0       	ldi	r24, 0x01	; 1
    1e54:	61 e0       	ldi	r22, 0x01	; 1
    1e56:	40 e0       	ldi	r20, 0x00	; 0
    1e58:	0e 94 90 10 	call	0x2120	; 0x2120 <GPIO_writePin>
}
    1e5c:	cf 91       	pop	r28
    1e5e:	df 91       	pop	r29
    1e60:	08 95       	ret

00001e62 <DcMotor_Rotate>:
void DcMotor_Rotate(DcMotor_State state, uint8 speed){
    1e62:	df 93       	push	r29
    1e64:	cf 93       	push	r28
    1e66:	00 d0       	rcall	.+0      	; 0x1e68 <DcMotor_Rotate+0x6>
    1e68:	00 d0       	rcall	.+0      	; 0x1e6a <DcMotor_Rotate+0x8>
    1e6a:	cd b7       	in	r28, 0x3d	; 61
    1e6c:	de b7       	in	r29, 0x3e	; 62
    1e6e:	89 83       	std	Y+1, r24	; 0x01
    1e70:	6a 83       	std	Y+2, r22	; 0x02

	PWM_Timer0_Start(speed);
    1e72:	8a 81       	ldd	r24, Y+2	; 0x02
    1e74:	0e 94 73 0f 	call	0x1ee6	; 0x1ee6 <PWM_Timer0_Start>
	 switch(state){
    1e78:	89 81       	ldd	r24, Y+1	; 0x01
    1e7a:	28 2f       	mov	r18, r24
    1e7c:	30 e0       	ldi	r19, 0x00	; 0
    1e7e:	3c 83       	std	Y+4, r19	; 0x04
    1e80:	2b 83       	std	Y+3, r18	; 0x03
    1e82:	8b 81       	ldd	r24, Y+3	; 0x03
    1e84:	9c 81       	ldd	r25, Y+4	; 0x04
    1e86:	81 30       	cpi	r24, 0x01	; 1
    1e88:	91 05       	cpc	r25, r1
    1e8a:	31 f0       	breq	.+12     	; 0x1e98 <DcMotor_Rotate+0x36>
    1e8c:	2b 81       	ldd	r18, Y+3	; 0x03
    1e8e:	3c 81       	ldd	r19, Y+4	; 0x04
    1e90:	22 30       	cpi	r18, 0x02	; 2
    1e92:	31 05       	cpc	r19, r1
    1e94:	61 f0       	breq	.+24     	; 0x1eae <DcMotor_Rotate+0x4c>
    1e96:	16 c0       	rjmp	.+44     	; 0x1ec4 <DcMotor_Rotate+0x62>
	 case CW:
			GPIO_writePin(PORTB_ID ,PIN0_ID,LOGIC_HIGH);
    1e98:	81 e0       	ldi	r24, 0x01	; 1
    1e9a:	60 e0       	ldi	r22, 0x00	; 0
    1e9c:	41 e0       	ldi	r20, 0x01	; 1
    1e9e:	0e 94 90 10 	call	0x2120	; 0x2120 <GPIO_writePin>
			GPIO_writePin(PORTB_ID ,PIN1_ID,LOGIC_LOW);
    1ea2:	81 e0       	ldi	r24, 0x01	; 1
    1ea4:	61 e0       	ldi	r22, 0x01	; 1
    1ea6:	40 e0       	ldi	r20, 0x00	; 0
    1ea8:	0e 94 90 10 	call	0x2120	; 0x2120 <GPIO_writePin>
    1eac:	15 c0       	rjmp	.+42     	; 0x1ed8 <DcMotor_Rotate+0x76>
		 break;
	 case A_CW:
			GPIO_writePin(PORTB_ID ,PIN0_ID,LOGIC_LOW);
    1eae:	81 e0       	ldi	r24, 0x01	; 1
    1eb0:	60 e0       	ldi	r22, 0x00	; 0
    1eb2:	40 e0       	ldi	r20, 0x00	; 0
    1eb4:	0e 94 90 10 	call	0x2120	; 0x2120 <GPIO_writePin>
			GPIO_writePin(PORTB_ID ,PIN1_ID,LOGIC_HIGH);
    1eb8:	81 e0       	ldi	r24, 0x01	; 1
    1eba:	61 e0       	ldi	r22, 0x01	; 1
    1ebc:	41 e0       	ldi	r20, 0x01	; 1
    1ebe:	0e 94 90 10 	call	0x2120	; 0x2120 <GPIO_writePin>
    1ec2:	0a c0       	rjmp	.+20     	; 0x1ed8 <DcMotor_Rotate+0x76>
		 break;
	 default :
			GPIO_writePin(PORTB_ID ,PIN0_ID,LOGIC_LOW);
    1ec4:	81 e0       	ldi	r24, 0x01	; 1
    1ec6:	60 e0       	ldi	r22, 0x00	; 0
    1ec8:	40 e0       	ldi	r20, 0x00	; 0
    1eca:	0e 94 90 10 	call	0x2120	; 0x2120 <GPIO_writePin>
			GPIO_writePin(PORTB_ID ,PIN1_ID,LOGIC_LOW);
    1ece:	81 e0       	ldi	r24, 0x01	; 1
    1ed0:	61 e0       	ldi	r22, 0x01	; 1
    1ed2:	40 e0       	ldi	r20, 0x00	; 0
    1ed4:	0e 94 90 10 	call	0x2120	; 0x2120 <GPIO_writePin>
	 }


}
    1ed8:	0f 90       	pop	r0
    1eda:	0f 90       	pop	r0
    1edc:	0f 90       	pop	r0
    1ede:	0f 90       	pop	r0
    1ee0:	cf 91       	pop	r28
    1ee2:	df 91       	pop	r29
    1ee4:	08 95       	ret

00001ee6 <PWM_Timer0_Start>:
 *  Created on: Jun 20, 2025
 *      Author: Eman Sayed 
 */
#include"PWM.h"
#include<avr/io.h>
void PWM_Timer0_Start(uint8 duty_cycle){
    1ee6:	df 93       	push	r29
    1ee8:	cf 93       	push	r28
    1eea:	0f 92       	push	r0
    1eec:	cd b7       	in	r28, 0x3d	; 61
    1eee:	de b7       	in	r29, 0x3e	; 62
    1ef0:	89 83       	std	Y+1, r24	; 0x01
	TCNT0 = 0; // Set Timer Initial Value to 0
    1ef2:	e2 e5       	ldi	r30, 0x52	; 82
    1ef4:	f0 e0       	ldi	r31, 0x00	; 0
    1ef6:	10 82       	st	Z, r1

	OCR0  =(uint8) (((uint16) duty_cycle * 255) / 100);
    1ef8:	ec e5       	ldi	r30, 0x5C	; 92
    1efa:	f0 e0       	ldi	r31, 0x00	; 0
    1efc:	89 81       	ldd	r24, Y+1	; 0x01
    1efe:	48 2f       	mov	r20, r24
    1f00:	50 e0       	ldi	r21, 0x00	; 0
    1f02:	ca 01       	movw	r24, r20
    1f04:	9c 01       	movw	r18, r24
    1f06:	22 0f       	add	r18, r18
    1f08:	33 1f       	adc	r19, r19
    1f0a:	c9 01       	movw	r24, r18
    1f0c:	96 95       	lsr	r25
    1f0e:	98 2f       	mov	r25, r24
    1f10:	88 27       	eor	r24, r24
    1f12:	97 95       	ror	r25
    1f14:	87 95       	ror	r24
    1f16:	82 1b       	sub	r24, r18
    1f18:	93 0b       	sbc	r25, r19
    1f1a:	84 0f       	add	r24, r20
    1f1c:	95 1f       	adc	r25, r21
    1f1e:	24 e6       	ldi	r18, 0x64	; 100
    1f20:	30 e0       	ldi	r19, 0x00	; 0
    1f22:	b9 01       	movw	r22, r18
    1f24:	0e 94 4b 13 	call	0x2696	; 0x2696 <__udivmodhi4>
    1f28:	cb 01       	movw	r24, r22
    1f2a:	80 83       	st	Z, r24

	DDRB  = DDRB | (1<<PB3); // Configure PB3/OC0 as output pin --> pin where the PWM signal is generated from MC
    1f2c:	a7 e3       	ldi	r26, 0x37	; 55
    1f2e:	b0 e0       	ldi	r27, 0x00	; 0
    1f30:	e7 e3       	ldi	r30, 0x37	; 55
    1f32:	f0 e0       	ldi	r31, 0x00	; 0
    1f34:	80 81       	ld	r24, Z
    1f36:	88 60       	ori	r24, 0x08	; 8
    1f38:	8c 93       	st	X, r24
	 * 1. Fast PWM mode FOC0=0
	 * 2. Fast PWM Mode WGM01=1 & WGM00=1
	 * 3. Clear OC0 when match occurs (non inverted mode) COM00=0 & COM01=1
	 * 4. clock = F_CPU/1024 CS00=1 CS01=0 CS02=1
	 */
	TCCR0 = (1<<WGM00) | (1<<WGM01) | (1<<COM01)|(1<< CS00)|(1<<CS02);
    1f3a:	e3 e5       	ldi	r30, 0x53	; 83
    1f3c:	f0 e0       	ldi	r31, 0x00	; 0
    1f3e:	8d e6       	ldi	r24, 0x6D	; 109
    1f40:	80 83       	st	Z, r24

}
    1f42:	0f 90       	pop	r0
    1f44:	cf 91       	pop	r28
    1f46:	df 91       	pop	r29
    1f48:	08 95       	ret

00001f4a <GPIO_setupPinDirection>:
 * Description :
 * Setup the direction of the required pin input/output.
 * If the input port number or pin number are not correct, The function will not handle the request.
 */
void GPIO_setupPinDirection(uint8 port_num, uint8 pin_num, GPIO_PinDirectionType direction)
{
    1f4a:	df 93       	push	r29
    1f4c:	cf 93       	push	r28
    1f4e:	00 d0       	rcall	.+0      	; 0x1f50 <GPIO_setupPinDirection+0x6>
    1f50:	00 d0       	rcall	.+0      	; 0x1f52 <GPIO_setupPinDirection+0x8>
    1f52:	0f 92       	push	r0
    1f54:	cd b7       	in	r28, 0x3d	; 61
    1f56:	de b7       	in	r29, 0x3e	; 62
    1f58:	89 83       	std	Y+1, r24	; 0x01
    1f5a:	6a 83       	std	Y+2, r22	; 0x02
    1f5c:	4b 83       	std	Y+3, r20	; 0x03
	/*
	 * Check if the input port number is greater than NUM_OF_PINS_PER_PORT value.
	 * Or if the input pin number is greater than NUM_OF_PINS_PER_PORT value.
	 * In this case the input is not valid port/pin number
	 */
	if((pin_num >= NUM_OF_PINS_PER_PORT) || (port_num >= NUM_OF_PORTS))
    1f5e:	8a 81       	ldd	r24, Y+2	; 0x02
    1f60:	88 30       	cpi	r24, 0x08	; 8
    1f62:	08 f0       	brcs	.+2      	; 0x1f66 <GPIO_setupPinDirection+0x1c>
    1f64:	d5 c0       	rjmp	.+426    	; 0x2110 <GPIO_setupPinDirection+0x1c6>
    1f66:	89 81       	ldd	r24, Y+1	; 0x01
    1f68:	84 30       	cpi	r24, 0x04	; 4
    1f6a:	08 f0       	brcs	.+2      	; 0x1f6e <GPIO_setupPinDirection+0x24>
    1f6c:	d1 c0       	rjmp	.+418    	; 0x2110 <GPIO_setupPinDirection+0x1c6>
		/* Do Nothing */
	}
	else
	{
		/* Setup the pin direction as required */
		switch(port_num)
    1f6e:	89 81       	ldd	r24, Y+1	; 0x01
    1f70:	28 2f       	mov	r18, r24
    1f72:	30 e0       	ldi	r19, 0x00	; 0
    1f74:	3d 83       	std	Y+5, r19	; 0x05
    1f76:	2c 83       	std	Y+4, r18	; 0x04
    1f78:	8c 81       	ldd	r24, Y+4	; 0x04
    1f7a:	9d 81       	ldd	r25, Y+5	; 0x05
    1f7c:	81 30       	cpi	r24, 0x01	; 1
    1f7e:	91 05       	cpc	r25, r1
    1f80:	09 f4       	brne	.+2      	; 0x1f84 <GPIO_setupPinDirection+0x3a>
    1f82:	43 c0       	rjmp	.+134    	; 0x200a <GPIO_setupPinDirection+0xc0>
    1f84:	2c 81       	ldd	r18, Y+4	; 0x04
    1f86:	3d 81       	ldd	r19, Y+5	; 0x05
    1f88:	22 30       	cpi	r18, 0x02	; 2
    1f8a:	31 05       	cpc	r19, r1
    1f8c:	2c f4       	brge	.+10     	; 0x1f98 <GPIO_setupPinDirection+0x4e>
    1f8e:	8c 81       	ldd	r24, Y+4	; 0x04
    1f90:	9d 81       	ldd	r25, Y+5	; 0x05
    1f92:	00 97       	sbiw	r24, 0x00	; 0
    1f94:	71 f0       	breq	.+28     	; 0x1fb2 <GPIO_setupPinDirection+0x68>
    1f96:	bc c0       	rjmp	.+376    	; 0x2110 <GPIO_setupPinDirection+0x1c6>
    1f98:	2c 81       	ldd	r18, Y+4	; 0x04
    1f9a:	3d 81       	ldd	r19, Y+5	; 0x05
    1f9c:	22 30       	cpi	r18, 0x02	; 2
    1f9e:	31 05       	cpc	r19, r1
    1fa0:	09 f4       	brne	.+2      	; 0x1fa4 <GPIO_setupPinDirection+0x5a>
    1fa2:	5f c0       	rjmp	.+190    	; 0x2062 <GPIO_setupPinDirection+0x118>
    1fa4:	8c 81       	ldd	r24, Y+4	; 0x04
    1fa6:	9d 81       	ldd	r25, Y+5	; 0x05
    1fa8:	83 30       	cpi	r24, 0x03	; 3
    1faa:	91 05       	cpc	r25, r1
    1fac:	09 f4       	brne	.+2      	; 0x1fb0 <GPIO_setupPinDirection+0x66>
    1fae:	85 c0       	rjmp	.+266    	; 0x20ba <GPIO_setupPinDirection+0x170>
    1fb0:	af c0       	rjmp	.+350    	; 0x2110 <GPIO_setupPinDirection+0x1c6>
		{
		case PORTA_ID:
			if(direction == PIN_OUTPUT)
    1fb2:	8b 81       	ldd	r24, Y+3	; 0x03
    1fb4:	81 30       	cpi	r24, 0x01	; 1
    1fb6:	a1 f4       	brne	.+40     	; 0x1fe0 <GPIO_setupPinDirection+0x96>
			{
				SET_BIT(DDRA,pin_num);
    1fb8:	aa e3       	ldi	r26, 0x3A	; 58
    1fba:	b0 e0       	ldi	r27, 0x00	; 0
    1fbc:	ea e3       	ldi	r30, 0x3A	; 58
    1fbe:	f0 e0       	ldi	r31, 0x00	; 0
    1fc0:	80 81       	ld	r24, Z
    1fc2:	48 2f       	mov	r20, r24
    1fc4:	8a 81       	ldd	r24, Y+2	; 0x02
    1fc6:	28 2f       	mov	r18, r24
    1fc8:	30 e0       	ldi	r19, 0x00	; 0
    1fca:	81 e0       	ldi	r24, 0x01	; 1
    1fcc:	90 e0       	ldi	r25, 0x00	; 0
    1fce:	02 2e       	mov	r0, r18
    1fd0:	02 c0       	rjmp	.+4      	; 0x1fd6 <GPIO_setupPinDirection+0x8c>
    1fd2:	88 0f       	add	r24, r24
    1fd4:	99 1f       	adc	r25, r25
    1fd6:	0a 94       	dec	r0
    1fd8:	e2 f7       	brpl	.-8      	; 0x1fd2 <GPIO_setupPinDirection+0x88>
    1fda:	84 2b       	or	r24, r20
    1fdc:	8c 93       	st	X, r24
    1fde:	98 c0       	rjmp	.+304    	; 0x2110 <GPIO_setupPinDirection+0x1c6>
			}
			else
			{
				CLEAR_BIT(DDRA,pin_num);
    1fe0:	aa e3       	ldi	r26, 0x3A	; 58
    1fe2:	b0 e0       	ldi	r27, 0x00	; 0
    1fe4:	ea e3       	ldi	r30, 0x3A	; 58
    1fe6:	f0 e0       	ldi	r31, 0x00	; 0
    1fe8:	80 81       	ld	r24, Z
    1fea:	48 2f       	mov	r20, r24
    1fec:	8a 81       	ldd	r24, Y+2	; 0x02
    1fee:	28 2f       	mov	r18, r24
    1ff0:	30 e0       	ldi	r19, 0x00	; 0
    1ff2:	81 e0       	ldi	r24, 0x01	; 1
    1ff4:	90 e0       	ldi	r25, 0x00	; 0
    1ff6:	02 2e       	mov	r0, r18
    1ff8:	02 c0       	rjmp	.+4      	; 0x1ffe <GPIO_setupPinDirection+0xb4>
    1ffa:	88 0f       	add	r24, r24
    1ffc:	99 1f       	adc	r25, r25
    1ffe:	0a 94       	dec	r0
    2000:	e2 f7       	brpl	.-8      	; 0x1ffa <GPIO_setupPinDirection+0xb0>
    2002:	80 95       	com	r24
    2004:	84 23       	and	r24, r20
    2006:	8c 93       	st	X, r24
    2008:	83 c0       	rjmp	.+262    	; 0x2110 <GPIO_setupPinDirection+0x1c6>
			}
			break;
		case PORTB_ID:
			if(direction == PIN_OUTPUT)
    200a:	8b 81       	ldd	r24, Y+3	; 0x03
    200c:	81 30       	cpi	r24, 0x01	; 1
    200e:	a1 f4       	brne	.+40     	; 0x2038 <GPIO_setupPinDirection+0xee>
			{
				SET_BIT(DDRB,pin_num);
    2010:	a7 e3       	ldi	r26, 0x37	; 55
    2012:	b0 e0       	ldi	r27, 0x00	; 0
    2014:	e7 e3       	ldi	r30, 0x37	; 55
    2016:	f0 e0       	ldi	r31, 0x00	; 0
    2018:	80 81       	ld	r24, Z
    201a:	48 2f       	mov	r20, r24
    201c:	8a 81       	ldd	r24, Y+2	; 0x02
    201e:	28 2f       	mov	r18, r24
    2020:	30 e0       	ldi	r19, 0x00	; 0
    2022:	81 e0       	ldi	r24, 0x01	; 1
    2024:	90 e0       	ldi	r25, 0x00	; 0
    2026:	02 2e       	mov	r0, r18
    2028:	02 c0       	rjmp	.+4      	; 0x202e <GPIO_setupPinDirection+0xe4>
    202a:	88 0f       	add	r24, r24
    202c:	99 1f       	adc	r25, r25
    202e:	0a 94       	dec	r0
    2030:	e2 f7       	brpl	.-8      	; 0x202a <GPIO_setupPinDirection+0xe0>
    2032:	84 2b       	or	r24, r20
    2034:	8c 93       	st	X, r24
    2036:	6c c0       	rjmp	.+216    	; 0x2110 <GPIO_setupPinDirection+0x1c6>
			}
			else
			{
				CLEAR_BIT(DDRB,pin_num);
    2038:	a7 e3       	ldi	r26, 0x37	; 55
    203a:	b0 e0       	ldi	r27, 0x00	; 0
    203c:	e7 e3       	ldi	r30, 0x37	; 55
    203e:	f0 e0       	ldi	r31, 0x00	; 0
    2040:	80 81       	ld	r24, Z
    2042:	48 2f       	mov	r20, r24
    2044:	8a 81       	ldd	r24, Y+2	; 0x02
    2046:	28 2f       	mov	r18, r24
    2048:	30 e0       	ldi	r19, 0x00	; 0
    204a:	81 e0       	ldi	r24, 0x01	; 1
    204c:	90 e0       	ldi	r25, 0x00	; 0
    204e:	02 2e       	mov	r0, r18
    2050:	02 c0       	rjmp	.+4      	; 0x2056 <GPIO_setupPinDirection+0x10c>
    2052:	88 0f       	add	r24, r24
    2054:	99 1f       	adc	r25, r25
    2056:	0a 94       	dec	r0
    2058:	e2 f7       	brpl	.-8      	; 0x2052 <GPIO_setupPinDirection+0x108>
    205a:	80 95       	com	r24
    205c:	84 23       	and	r24, r20
    205e:	8c 93       	st	X, r24
    2060:	57 c0       	rjmp	.+174    	; 0x2110 <GPIO_setupPinDirection+0x1c6>
			}
			break;
		case PORTC_ID:
			if(direction == PIN_OUTPUT)
    2062:	8b 81       	ldd	r24, Y+3	; 0x03
    2064:	81 30       	cpi	r24, 0x01	; 1
    2066:	a1 f4       	brne	.+40     	; 0x2090 <GPIO_setupPinDirection+0x146>
			{
				SET_BIT(DDRC,pin_num);
    2068:	a4 e3       	ldi	r26, 0x34	; 52
    206a:	b0 e0       	ldi	r27, 0x00	; 0
    206c:	e4 e3       	ldi	r30, 0x34	; 52
    206e:	f0 e0       	ldi	r31, 0x00	; 0
    2070:	80 81       	ld	r24, Z
    2072:	48 2f       	mov	r20, r24
    2074:	8a 81       	ldd	r24, Y+2	; 0x02
    2076:	28 2f       	mov	r18, r24
    2078:	30 e0       	ldi	r19, 0x00	; 0
    207a:	81 e0       	ldi	r24, 0x01	; 1
    207c:	90 e0       	ldi	r25, 0x00	; 0
    207e:	02 2e       	mov	r0, r18
    2080:	02 c0       	rjmp	.+4      	; 0x2086 <GPIO_setupPinDirection+0x13c>
    2082:	88 0f       	add	r24, r24
    2084:	99 1f       	adc	r25, r25
    2086:	0a 94       	dec	r0
    2088:	e2 f7       	brpl	.-8      	; 0x2082 <GPIO_setupPinDirection+0x138>
    208a:	84 2b       	or	r24, r20
    208c:	8c 93       	st	X, r24
    208e:	40 c0       	rjmp	.+128    	; 0x2110 <GPIO_setupPinDirection+0x1c6>
			}
			else
			{
				CLEAR_BIT(DDRC,pin_num);
    2090:	a4 e3       	ldi	r26, 0x34	; 52
    2092:	b0 e0       	ldi	r27, 0x00	; 0
    2094:	e4 e3       	ldi	r30, 0x34	; 52
    2096:	f0 e0       	ldi	r31, 0x00	; 0
    2098:	80 81       	ld	r24, Z
    209a:	48 2f       	mov	r20, r24
    209c:	8a 81       	ldd	r24, Y+2	; 0x02
    209e:	28 2f       	mov	r18, r24
    20a0:	30 e0       	ldi	r19, 0x00	; 0
    20a2:	81 e0       	ldi	r24, 0x01	; 1
    20a4:	90 e0       	ldi	r25, 0x00	; 0
    20a6:	02 2e       	mov	r0, r18
    20a8:	02 c0       	rjmp	.+4      	; 0x20ae <GPIO_setupPinDirection+0x164>
    20aa:	88 0f       	add	r24, r24
    20ac:	99 1f       	adc	r25, r25
    20ae:	0a 94       	dec	r0
    20b0:	e2 f7       	brpl	.-8      	; 0x20aa <GPIO_setupPinDirection+0x160>
    20b2:	80 95       	com	r24
    20b4:	84 23       	and	r24, r20
    20b6:	8c 93       	st	X, r24
    20b8:	2b c0       	rjmp	.+86     	; 0x2110 <GPIO_setupPinDirection+0x1c6>
			}
			break;
		case PORTD_ID:
			if(direction == PIN_OUTPUT)
    20ba:	8b 81       	ldd	r24, Y+3	; 0x03
    20bc:	81 30       	cpi	r24, 0x01	; 1
    20be:	a1 f4       	brne	.+40     	; 0x20e8 <GPIO_setupPinDirection+0x19e>
			{
				SET_BIT(DDRD,pin_num);
    20c0:	a1 e3       	ldi	r26, 0x31	; 49
    20c2:	b0 e0       	ldi	r27, 0x00	; 0
    20c4:	e1 e3       	ldi	r30, 0x31	; 49
    20c6:	f0 e0       	ldi	r31, 0x00	; 0
    20c8:	80 81       	ld	r24, Z
    20ca:	48 2f       	mov	r20, r24
    20cc:	8a 81       	ldd	r24, Y+2	; 0x02
    20ce:	28 2f       	mov	r18, r24
    20d0:	30 e0       	ldi	r19, 0x00	; 0
    20d2:	81 e0       	ldi	r24, 0x01	; 1
    20d4:	90 e0       	ldi	r25, 0x00	; 0
    20d6:	02 2e       	mov	r0, r18
    20d8:	02 c0       	rjmp	.+4      	; 0x20de <GPIO_setupPinDirection+0x194>
    20da:	88 0f       	add	r24, r24
    20dc:	99 1f       	adc	r25, r25
    20de:	0a 94       	dec	r0
    20e0:	e2 f7       	brpl	.-8      	; 0x20da <GPIO_setupPinDirection+0x190>
    20e2:	84 2b       	or	r24, r20
    20e4:	8c 93       	st	X, r24
    20e6:	14 c0       	rjmp	.+40     	; 0x2110 <GPIO_setupPinDirection+0x1c6>
			}
			else
			{
				CLEAR_BIT(DDRD,pin_num);
    20e8:	a1 e3       	ldi	r26, 0x31	; 49
    20ea:	b0 e0       	ldi	r27, 0x00	; 0
    20ec:	e1 e3       	ldi	r30, 0x31	; 49
    20ee:	f0 e0       	ldi	r31, 0x00	; 0
    20f0:	80 81       	ld	r24, Z
    20f2:	48 2f       	mov	r20, r24
    20f4:	8a 81       	ldd	r24, Y+2	; 0x02
    20f6:	28 2f       	mov	r18, r24
    20f8:	30 e0       	ldi	r19, 0x00	; 0
    20fa:	81 e0       	ldi	r24, 0x01	; 1
    20fc:	90 e0       	ldi	r25, 0x00	; 0
    20fe:	02 2e       	mov	r0, r18
    2100:	02 c0       	rjmp	.+4      	; 0x2106 <GPIO_setupPinDirection+0x1bc>
    2102:	88 0f       	add	r24, r24
    2104:	99 1f       	adc	r25, r25
    2106:	0a 94       	dec	r0
    2108:	e2 f7       	brpl	.-8      	; 0x2102 <GPIO_setupPinDirection+0x1b8>
    210a:	80 95       	com	r24
    210c:	84 23       	and	r24, r20
    210e:	8c 93       	st	X, r24
			}
			break;
		}
	}
}
    2110:	0f 90       	pop	r0
    2112:	0f 90       	pop	r0
    2114:	0f 90       	pop	r0
    2116:	0f 90       	pop	r0
    2118:	0f 90       	pop	r0
    211a:	cf 91       	pop	r28
    211c:	df 91       	pop	r29
    211e:	08 95       	ret

00002120 <GPIO_writePin>:
 * Write the value Logic High or Logic Low on the required pin.
 * If the input port number or pin number are not correct, The function will not handle the request.
 * If the pin is input, this function will enable/disable the internal pull-up resistor.
 */
void GPIO_writePin(uint8 port_num, uint8 pin_num, uint8 value)
{
    2120:	df 93       	push	r29
    2122:	cf 93       	push	r28
    2124:	00 d0       	rcall	.+0      	; 0x2126 <GPIO_writePin+0x6>
    2126:	00 d0       	rcall	.+0      	; 0x2128 <GPIO_writePin+0x8>
    2128:	0f 92       	push	r0
    212a:	cd b7       	in	r28, 0x3d	; 61
    212c:	de b7       	in	r29, 0x3e	; 62
    212e:	89 83       	std	Y+1, r24	; 0x01
    2130:	6a 83       	std	Y+2, r22	; 0x02
    2132:	4b 83       	std	Y+3, r20	; 0x03
	if((pin_num >= NUM_OF_PINS_PER_PORT) || (port_num >= NUM_OF_PORTS))
    2134:	8a 81       	ldd	r24, Y+2	; 0x02
    2136:	88 30       	cpi	r24, 0x08	; 8
    2138:	08 f0       	brcs	.+2      	; 0x213c <GPIO_writePin+0x1c>
    213a:	d5 c0       	rjmp	.+426    	; 0x22e6 <GPIO_writePin+0x1c6>
    213c:	89 81       	ldd	r24, Y+1	; 0x01
    213e:	84 30       	cpi	r24, 0x04	; 4
    2140:	08 f0       	brcs	.+2      	; 0x2144 <GPIO_writePin+0x24>
    2142:	d1 c0       	rjmp	.+418    	; 0x22e6 <GPIO_writePin+0x1c6>
		{
			/* Do Nothing */
		}
		else
		{
			switch(port_num){
    2144:	89 81       	ldd	r24, Y+1	; 0x01
    2146:	28 2f       	mov	r18, r24
    2148:	30 e0       	ldi	r19, 0x00	; 0
    214a:	3d 83       	std	Y+5, r19	; 0x05
    214c:	2c 83       	std	Y+4, r18	; 0x04
    214e:	8c 81       	ldd	r24, Y+4	; 0x04
    2150:	9d 81       	ldd	r25, Y+5	; 0x05
    2152:	81 30       	cpi	r24, 0x01	; 1
    2154:	91 05       	cpc	r25, r1
    2156:	09 f4       	brne	.+2      	; 0x215a <GPIO_writePin+0x3a>
    2158:	43 c0       	rjmp	.+134    	; 0x21e0 <GPIO_writePin+0xc0>
    215a:	2c 81       	ldd	r18, Y+4	; 0x04
    215c:	3d 81       	ldd	r19, Y+5	; 0x05
    215e:	22 30       	cpi	r18, 0x02	; 2
    2160:	31 05       	cpc	r19, r1
    2162:	2c f4       	brge	.+10     	; 0x216e <GPIO_writePin+0x4e>
    2164:	8c 81       	ldd	r24, Y+4	; 0x04
    2166:	9d 81       	ldd	r25, Y+5	; 0x05
    2168:	00 97       	sbiw	r24, 0x00	; 0
    216a:	71 f0       	breq	.+28     	; 0x2188 <GPIO_writePin+0x68>
    216c:	bc c0       	rjmp	.+376    	; 0x22e6 <GPIO_writePin+0x1c6>
    216e:	2c 81       	ldd	r18, Y+4	; 0x04
    2170:	3d 81       	ldd	r19, Y+5	; 0x05
    2172:	22 30       	cpi	r18, 0x02	; 2
    2174:	31 05       	cpc	r19, r1
    2176:	09 f4       	brne	.+2      	; 0x217a <GPIO_writePin+0x5a>
    2178:	5f c0       	rjmp	.+190    	; 0x2238 <GPIO_writePin+0x118>
    217a:	8c 81       	ldd	r24, Y+4	; 0x04
    217c:	9d 81       	ldd	r25, Y+5	; 0x05
    217e:	83 30       	cpi	r24, 0x03	; 3
    2180:	91 05       	cpc	r25, r1
    2182:	09 f4       	brne	.+2      	; 0x2186 <GPIO_writePin+0x66>
    2184:	85 c0       	rjmp	.+266    	; 0x2290 <GPIO_writePin+0x170>
    2186:	af c0       	rjmp	.+350    	; 0x22e6 <GPIO_writePin+0x1c6>
			case PORTA_ID :
				if(value == PIN_OUTPUT)
    2188:	8b 81       	ldd	r24, Y+3	; 0x03
    218a:	81 30       	cpi	r24, 0x01	; 1
    218c:	a1 f4       	brne	.+40     	; 0x21b6 <GPIO_writePin+0x96>
				{
					SET_BIT(PORTA , pin_num);
    218e:	ab e3       	ldi	r26, 0x3B	; 59
    2190:	b0 e0       	ldi	r27, 0x00	; 0
    2192:	eb e3       	ldi	r30, 0x3B	; 59
    2194:	f0 e0       	ldi	r31, 0x00	; 0
    2196:	80 81       	ld	r24, Z
    2198:	48 2f       	mov	r20, r24
    219a:	8a 81       	ldd	r24, Y+2	; 0x02
    219c:	28 2f       	mov	r18, r24
    219e:	30 e0       	ldi	r19, 0x00	; 0
    21a0:	81 e0       	ldi	r24, 0x01	; 1
    21a2:	90 e0       	ldi	r25, 0x00	; 0
    21a4:	02 2e       	mov	r0, r18
    21a6:	02 c0       	rjmp	.+4      	; 0x21ac <GPIO_writePin+0x8c>
    21a8:	88 0f       	add	r24, r24
    21aa:	99 1f       	adc	r25, r25
    21ac:	0a 94       	dec	r0
    21ae:	e2 f7       	brpl	.-8      	; 0x21a8 <GPIO_writePin+0x88>
    21b0:	84 2b       	or	r24, r20
    21b2:	8c 93       	st	X, r24
    21b4:	98 c0       	rjmp	.+304    	; 0x22e6 <GPIO_writePin+0x1c6>
				}
				else
				{
					CLEAR_BIT(PORTA , pin_num);
    21b6:	ab e3       	ldi	r26, 0x3B	; 59
    21b8:	b0 e0       	ldi	r27, 0x00	; 0
    21ba:	eb e3       	ldi	r30, 0x3B	; 59
    21bc:	f0 e0       	ldi	r31, 0x00	; 0
    21be:	80 81       	ld	r24, Z
    21c0:	48 2f       	mov	r20, r24
    21c2:	8a 81       	ldd	r24, Y+2	; 0x02
    21c4:	28 2f       	mov	r18, r24
    21c6:	30 e0       	ldi	r19, 0x00	; 0
    21c8:	81 e0       	ldi	r24, 0x01	; 1
    21ca:	90 e0       	ldi	r25, 0x00	; 0
    21cc:	02 2e       	mov	r0, r18
    21ce:	02 c0       	rjmp	.+4      	; 0x21d4 <GPIO_writePin+0xb4>
    21d0:	88 0f       	add	r24, r24
    21d2:	99 1f       	adc	r25, r25
    21d4:	0a 94       	dec	r0
    21d6:	e2 f7       	brpl	.-8      	; 0x21d0 <GPIO_writePin+0xb0>
    21d8:	80 95       	com	r24
    21da:	84 23       	and	r24, r20
    21dc:	8c 93       	st	X, r24
    21de:	83 c0       	rjmp	.+262    	; 0x22e6 <GPIO_writePin+0x1c6>
				}
				break;
			case PORTB_ID :
				if(value == PIN_OUTPUT)
    21e0:	8b 81       	ldd	r24, Y+3	; 0x03
    21e2:	81 30       	cpi	r24, 0x01	; 1
    21e4:	a1 f4       	brne	.+40     	; 0x220e <GPIO_writePin+0xee>
				{
					SET_BIT(PORTB , pin_num);
    21e6:	a8 e3       	ldi	r26, 0x38	; 56
    21e8:	b0 e0       	ldi	r27, 0x00	; 0
    21ea:	e8 e3       	ldi	r30, 0x38	; 56
    21ec:	f0 e0       	ldi	r31, 0x00	; 0
    21ee:	80 81       	ld	r24, Z
    21f0:	48 2f       	mov	r20, r24
    21f2:	8a 81       	ldd	r24, Y+2	; 0x02
    21f4:	28 2f       	mov	r18, r24
    21f6:	30 e0       	ldi	r19, 0x00	; 0
    21f8:	81 e0       	ldi	r24, 0x01	; 1
    21fa:	90 e0       	ldi	r25, 0x00	; 0
    21fc:	02 2e       	mov	r0, r18
    21fe:	02 c0       	rjmp	.+4      	; 0x2204 <GPIO_writePin+0xe4>
    2200:	88 0f       	add	r24, r24
    2202:	99 1f       	adc	r25, r25
    2204:	0a 94       	dec	r0
    2206:	e2 f7       	brpl	.-8      	; 0x2200 <GPIO_writePin+0xe0>
    2208:	84 2b       	or	r24, r20
    220a:	8c 93       	st	X, r24
    220c:	6c c0       	rjmp	.+216    	; 0x22e6 <GPIO_writePin+0x1c6>
				}
				else
				{
					CLEAR_BIT(PORTB , pin_num);
    220e:	a8 e3       	ldi	r26, 0x38	; 56
    2210:	b0 e0       	ldi	r27, 0x00	; 0
    2212:	e8 e3       	ldi	r30, 0x38	; 56
    2214:	f0 e0       	ldi	r31, 0x00	; 0
    2216:	80 81       	ld	r24, Z
    2218:	48 2f       	mov	r20, r24
    221a:	8a 81       	ldd	r24, Y+2	; 0x02
    221c:	28 2f       	mov	r18, r24
    221e:	30 e0       	ldi	r19, 0x00	; 0
    2220:	81 e0       	ldi	r24, 0x01	; 1
    2222:	90 e0       	ldi	r25, 0x00	; 0
    2224:	02 2e       	mov	r0, r18
    2226:	02 c0       	rjmp	.+4      	; 0x222c <GPIO_writePin+0x10c>
    2228:	88 0f       	add	r24, r24
    222a:	99 1f       	adc	r25, r25
    222c:	0a 94       	dec	r0
    222e:	e2 f7       	brpl	.-8      	; 0x2228 <GPIO_writePin+0x108>
    2230:	80 95       	com	r24
    2232:	84 23       	and	r24, r20
    2234:	8c 93       	st	X, r24
    2236:	57 c0       	rjmp	.+174    	; 0x22e6 <GPIO_writePin+0x1c6>
				}
				break;
			case PORTC_ID :
				if(value == PIN_OUTPUT)
    2238:	8b 81       	ldd	r24, Y+3	; 0x03
    223a:	81 30       	cpi	r24, 0x01	; 1
    223c:	a1 f4       	brne	.+40     	; 0x2266 <GPIO_writePin+0x146>
				{
					SET_BIT(PORTC , pin_num);
    223e:	a5 e3       	ldi	r26, 0x35	; 53
    2240:	b0 e0       	ldi	r27, 0x00	; 0
    2242:	e5 e3       	ldi	r30, 0x35	; 53
    2244:	f0 e0       	ldi	r31, 0x00	; 0
    2246:	80 81       	ld	r24, Z
    2248:	48 2f       	mov	r20, r24
    224a:	8a 81       	ldd	r24, Y+2	; 0x02
    224c:	28 2f       	mov	r18, r24
    224e:	30 e0       	ldi	r19, 0x00	; 0
    2250:	81 e0       	ldi	r24, 0x01	; 1
    2252:	90 e0       	ldi	r25, 0x00	; 0
    2254:	02 2e       	mov	r0, r18
    2256:	02 c0       	rjmp	.+4      	; 0x225c <GPIO_writePin+0x13c>
    2258:	88 0f       	add	r24, r24
    225a:	99 1f       	adc	r25, r25
    225c:	0a 94       	dec	r0
    225e:	e2 f7       	brpl	.-8      	; 0x2258 <GPIO_writePin+0x138>
    2260:	84 2b       	or	r24, r20
    2262:	8c 93       	st	X, r24
    2264:	40 c0       	rjmp	.+128    	; 0x22e6 <GPIO_writePin+0x1c6>
				}
				else
				{
					CLEAR_BIT(PORTC , pin_num);
    2266:	a5 e3       	ldi	r26, 0x35	; 53
    2268:	b0 e0       	ldi	r27, 0x00	; 0
    226a:	e5 e3       	ldi	r30, 0x35	; 53
    226c:	f0 e0       	ldi	r31, 0x00	; 0
    226e:	80 81       	ld	r24, Z
    2270:	48 2f       	mov	r20, r24
    2272:	8a 81       	ldd	r24, Y+2	; 0x02
    2274:	28 2f       	mov	r18, r24
    2276:	30 e0       	ldi	r19, 0x00	; 0
    2278:	81 e0       	ldi	r24, 0x01	; 1
    227a:	90 e0       	ldi	r25, 0x00	; 0
    227c:	02 2e       	mov	r0, r18
    227e:	02 c0       	rjmp	.+4      	; 0x2284 <GPIO_writePin+0x164>
    2280:	88 0f       	add	r24, r24
    2282:	99 1f       	adc	r25, r25
    2284:	0a 94       	dec	r0
    2286:	e2 f7       	brpl	.-8      	; 0x2280 <GPIO_writePin+0x160>
    2288:	80 95       	com	r24
    228a:	84 23       	and	r24, r20
    228c:	8c 93       	st	X, r24
    228e:	2b c0       	rjmp	.+86     	; 0x22e6 <GPIO_writePin+0x1c6>
				}
				break;
			case PORTD_ID :
				if(value == PIN_OUTPUT)
    2290:	8b 81       	ldd	r24, Y+3	; 0x03
    2292:	81 30       	cpi	r24, 0x01	; 1
    2294:	a1 f4       	brne	.+40     	; 0x22be <GPIO_writePin+0x19e>
				{
					SET_BIT(PORTD , pin_num);
    2296:	a2 e3       	ldi	r26, 0x32	; 50
    2298:	b0 e0       	ldi	r27, 0x00	; 0
    229a:	e2 e3       	ldi	r30, 0x32	; 50
    229c:	f0 e0       	ldi	r31, 0x00	; 0
    229e:	80 81       	ld	r24, Z
    22a0:	48 2f       	mov	r20, r24
    22a2:	8a 81       	ldd	r24, Y+2	; 0x02
    22a4:	28 2f       	mov	r18, r24
    22a6:	30 e0       	ldi	r19, 0x00	; 0
    22a8:	81 e0       	ldi	r24, 0x01	; 1
    22aa:	90 e0       	ldi	r25, 0x00	; 0
    22ac:	02 2e       	mov	r0, r18
    22ae:	02 c0       	rjmp	.+4      	; 0x22b4 <GPIO_writePin+0x194>
    22b0:	88 0f       	add	r24, r24
    22b2:	99 1f       	adc	r25, r25
    22b4:	0a 94       	dec	r0
    22b6:	e2 f7       	brpl	.-8      	; 0x22b0 <GPIO_writePin+0x190>
    22b8:	84 2b       	or	r24, r20
    22ba:	8c 93       	st	X, r24
    22bc:	14 c0       	rjmp	.+40     	; 0x22e6 <GPIO_writePin+0x1c6>
				}
				else
				{
					CLEAR_BIT(PORTD , pin_num);
    22be:	a2 e3       	ldi	r26, 0x32	; 50
    22c0:	b0 e0       	ldi	r27, 0x00	; 0
    22c2:	e2 e3       	ldi	r30, 0x32	; 50
    22c4:	f0 e0       	ldi	r31, 0x00	; 0
    22c6:	80 81       	ld	r24, Z
    22c8:	48 2f       	mov	r20, r24
    22ca:	8a 81       	ldd	r24, Y+2	; 0x02
    22cc:	28 2f       	mov	r18, r24
    22ce:	30 e0       	ldi	r19, 0x00	; 0
    22d0:	81 e0       	ldi	r24, 0x01	; 1
    22d2:	90 e0       	ldi	r25, 0x00	; 0
    22d4:	02 2e       	mov	r0, r18
    22d6:	02 c0       	rjmp	.+4      	; 0x22dc <GPIO_writePin+0x1bc>
    22d8:	88 0f       	add	r24, r24
    22da:	99 1f       	adc	r25, r25
    22dc:	0a 94       	dec	r0
    22de:	e2 f7       	brpl	.-8      	; 0x22d8 <GPIO_writePin+0x1b8>
    22e0:	80 95       	com	r24
    22e2:	84 23       	and	r24, r20
    22e4:	8c 93       	st	X, r24
				}
				break;
			}
		}

}
    22e6:	0f 90       	pop	r0
    22e8:	0f 90       	pop	r0
    22ea:	0f 90       	pop	r0
    22ec:	0f 90       	pop	r0
    22ee:	0f 90       	pop	r0
    22f0:	cf 91       	pop	r28
    22f2:	df 91       	pop	r29
    22f4:	08 95       	ret

000022f6 <GPIO_readPin>:
 * Description :
 * Read and return the value for the required pin, it should be Logic High or Logic Low.
 * If the input port number or pin number are not correct, The function will return Logic Low.
 */
uint8 GPIO_readPin(uint8 port_num, uint8 pin_num)
{
    22f6:	df 93       	push	r29
    22f8:	cf 93       	push	r28
    22fa:	00 d0       	rcall	.+0      	; 0x22fc <GPIO_readPin+0x6>
    22fc:	00 d0       	rcall	.+0      	; 0x22fe <GPIO_readPin+0x8>
    22fe:	0f 92       	push	r0
    2300:	cd b7       	in	r28, 0x3d	; 61
    2302:	de b7       	in	r29, 0x3e	; 62
    2304:	89 83       	std	Y+1, r24	; 0x01
    2306:	6a 83       	std	Y+2, r22	; 0x02
	if((pin_num >= NUM_OF_PINS_PER_PORT) || (port_num >= NUM_OF_PORTS))
    2308:	8a 81       	ldd	r24, Y+2	; 0x02
    230a:	88 30       	cpi	r24, 0x08	; 8
    230c:	18 f4       	brcc	.+6      	; 0x2314 <GPIO_readPin+0x1e>
    230e:	89 81       	ldd	r24, Y+1	; 0x01
    2310:	84 30       	cpi	r24, 0x04	; 4
    2312:	10 f0       	brcs	.+4      	; 0x2318 <GPIO_readPin+0x22>
			{
				return LOGIC_LOW ;
    2314:	1d 82       	std	Y+5, r1	; 0x05
    2316:	82 c0       	rjmp	.+260    	; 0x241c <GPIO_readPin+0x126>
				/* Do Nothing */
			}
			else
			{
				switch(port_num)
    2318:	89 81       	ldd	r24, Y+1	; 0x01
    231a:	28 2f       	mov	r18, r24
    231c:	30 e0       	ldi	r19, 0x00	; 0
    231e:	3c 83       	std	Y+4, r19	; 0x04
    2320:	2b 83       	std	Y+3, r18	; 0x03
    2322:	4b 81       	ldd	r20, Y+3	; 0x03
    2324:	5c 81       	ldd	r21, Y+4	; 0x04
    2326:	41 30       	cpi	r20, 0x01	; 1
    2328:	51 05       	cpc	r21, r1
    232a:	79 f1       	breq	.+94     	; 0x238a <GPIO_readPin+0x94>
    232c:	8b 81       	ldd	r24, Y+3	; 0x03
    232e:	9c 81       	ldd	r25, Y+4	; 0x04
    2330:	82 30       	cpi	r24, 0x02	; 2
    2332:	91 05       	cpc	r25, r1
    2334:	34 f4       	brge	.+12     	; 0x2342 <GPIO_readPin+0x4c>
    2336:	2b 81       	ldd	r18, Y+3	; 0x03
    2338:	3c 81       	ldd	r19, Y+4	; 0x04
    233a:	21 15       	cp	r18, r1
    233c:	31 05       	cpc	r19, r1
    233e:	69 f0       	breq	.+26     	; 0x235a <GPIO_readPin+0x64>
    2340:	6c c0       	rjmp	.+216    	; 0x241a <GPIO_readPin+0x124>
    2342:	4b 81       	ldd	r20, Y+3	; 0x03
    2344:	5c 81       	ldd	r21, Y+4	; 0x04
    2346:	42 30       	cpi	r20, 0x02	; 2
    2348:	51 05       	cpc	r21, r1
    234a:	b9 f1       	breq	.+110    	; 0x23ba <GPIO_readPin+0xc4>
    234c:	8b 81       	ldd	r24, Y+3	; 0x03
    234e:	9c 81       	ldd	r25, Y+4	; 0x04
    2350:	83 30       	cpi	r24, 0x03	; 3
    2352:	91 05       	cpc	r25, r1
    2354:	09 f4       	brne	.+2      	; 0x2358 <GPIO_readPin+0x62>
    2356:	49 c0       	rjmp	.+146    	; 0x23ea <GPIO_readPin+0xf4>
    2358:	60 c0       	rjmp	.+192    	; 0x241a <GPIO_readPin+0x124>
				{
				case PORTA_ID :
					if(BIT_IS_SET(PINA , pin_num))
    235a:	e9 e3       	ldi	r30, 0x39	; 57
    235c:	f0 e0       	ldi	r31, 0x00	; 0
    235e:	80 81       	ld	r24, Z
    2360:	28 2f       	mov	r18, r24
    2362:	30 e0       	ldi	r19, 0x00	; 0
    2364:	8a 81       	ldd	r24, Y+2	; 0x02
    2366:	88 2f       	mov	r24, r24
    2368:	90 e0       	ldi	r25, 0x00	; 0
    236a:	a9 01       	movw	r20, r18
    236c:	02 c0       	rjmp	.+4      	; 0x2372 <GPIO_readPin+0x7c>
    236e:	55 95       	asr	r21
    2370:	47 95       	ror	r20
    2372:	8a 95       	dec	r24
    2374:	e2 f7       	brpl	.-8      	; 0x236e <GPIO_readPin+0x78>
    2376:	ca 01       	movw	r24, r20
    2378:	81 70       	andi	r24, 0x01	; 1
    237a:	90 70       	andi	r25, 0x00	; 0
    237c:	88 23       	and	r24, r24
    237e:	19 f0       	breq	.+6      	; 0x2386 <GPIO_readPin+0x90>
					{
						return LOGIC_HIGH ;
    2380:	51 e0       	ldi	r21, 0x01	; 1
    2382:	5d 83       	std	Y+5, r21	; 0x05
    2384:	4b c0       	rjmp	.+150    	; 0x241c <GPIO_readPin+0x126>
					}
					else
					{
						return LOGIC_LOW ;
    2386:	1d 82       	std	Y+5, r1	; 0x05
    2388:	49 c0       	rjmp	.+146    	; 0x241c <GPIO_readPin+0x126>
					}
					break;
				    case PORTB_ID :
					if(BIT_IS_SET(PINB , pin_num))
    238a:	e6 e3       	ldi	r30, 0x36	; 54
    238c:	f0 e0       	ldi	r31, 0x00	; 0
    238e:	80 81       	ld	r24, Z
    2390:	28 2f       	mov	r18, r24
    2392:	30 e0       	ldi	r19, 0x00	; 0
    2394:	8a 81       	ldd	r24, Y+2	; 0x02
    2396:	88 2f       	mov	r24, r24
    2398:	90 e0       	ldi	r25, 0x00	; 0
    239a:	a9 01       	movw	r20, r18
    239c:	02 c0       	rjmp	.+4      	; 0x23a2 <GPIO_readPin+0xac>
    239e:	55 95       	asr	r21
    23a0:	47 95       	ror	r20
    23a2:	8a 95       	dec	r24
    23a4:	e2 f7       	brpl	.-8      	; 0x239e <GPIO_readPin+0xa8>
    23a6:	ca 01       	movw	r24, r20
    23a8:	81 70       	andi	r24, 0x01	; 1
    23aa:	90 70       	andi	r25, 0x00	; 0
    23ac:	88 23       	and	r24, r24
    23ae:	19 f0       	breq	.+6      	; 0x23b6 <GPIO_readPin+0xc0>
					{
						return LOGIC_HIGH ;
    23b0:	51 e0       	ldi	r21, 0x01	; 1
    23b2:	5d 83       	std	Y+5, r21	; 0x05
    23b4:	33 c0       	rjmp	.+102    	; 0x241c <GPIO_readPin+0x126>
					}
						else
					{
						return LOGIC_LOW ;
    23b6:	1d 82       	std	Y+5, r1	; 0x05
    23b8:	31 c0       	rjmp	.+98     	; 0x241c <GPIO_readPin+0x126>
					}
					break;
				    case PORTC_ID :
					if(BIT_IS_SET(PINC , pin_num))
    23ba:	e3 e3       	ldi	r30, 0x33	; 51
    23bc:	f0 e0       	ldi	r31, 0x00	; 0
    23be:	80 81       	ld	r24, Z
    23c0:	28 2f       	mov	r18, r24
    23c2:	30 e0       	ldi	r19, 0x00	; 0
    23c4:	8a 81       	ldd	r24, Y+2	; 0x02
    23c6:	88 2f       	mov	r24, r24
    23c8:	90 e0       	ldi	r25, 0x00	; 0
    23ca:	a9 01       	movw	r20, r18
    23cc:	02 c0       	rjmp	.+4      	; 0x23d2 <GPIO_readPin+0xdc>
    23ce:	55 95       	asr	r21
    23d0:	47 95       	ror	r20
    23d2:	8a 95       	dec	r24
    23d4:	e2 f7       	brpl	.-8      	; 0x23ce <GPIO_readPin+0xd8>
    23d6:	ca 01       	movw	r24, r20
    23d8:	81 70       	andi	r24, 0x01	; 1
    23da:	90 70       	andi	r25, 0x00	; 0
    23dc:	88 23       	and	r24, r24
    23de:	19 f0       	breq	.+6      	; 0x23e6 <GPIO_readPin+0xf0>
					{
						return LOGIC_HIGH ;
    23e0:	51 e0       	ldi	r21, 0x01	; 1
    23e2:	5d 83       	std	Y+5, r21	; 0x05
    23e4:	1b c0       	rjmp	.+54     	; 0x241c <GPIO_readPin+0x126>
					}
						else
					{
						return LOGIC_LOW ;
    23e6:	1d 82       	std	Y+5, r1	; 0x05
    23e8:	19 c0       	rjmp	.+50     	; 0x241c <GPIO_readPin+0x126>
					}
					break;
				    case PORTD_ID :
					if(BIT_IS_SET(PIND , pin_num))
    23ea:	e0 e3       	ldi	r30, 0x30	; 48
    23ec:	f0 e0       	ldi	r31, 0x00	; 0
    23ee:	80 81       	ld	r24, Z
    23f0:	28 2f       	mov	r18, r24
    23f2:	30 e0       	ldi	r19, 0x00	; 0
    23f4:	8a 81       	ldd	r24, Y+2	; 0x02
    23f6:	88 2f       	mov	r24, r24
    23f8:	90 e0       	ldi	r25, 0x00	; 0
    23fa:	a9 01       	movw	r20, r18
    23fc:	02 c0       	rjmp	.+4      	; 0x2402 <GPIO_readPin+0x10c>
    23fe:	55 95       	asr	r21
    2400:	47 95       	ror	r20
    2402:	8a 95       	dec	r24
    2404:	e2 f7       	brpl	.-8      	; 0x23fe <GPIO_readPin+0x108>
    2406:	ca 01       	movw	r24, r20
    2408:	81 70       	andi	r24, 0x01	; 1
    240a:	90 70       	andi	r25, 0x00	; 0
    240c:	88 23       	and	r24, r24
    240e:	19 f0       	breq	.+6      	; 0x2416 <GPIO_readPin+0x120>
					{
						return LOGIC_HIGH ;
    2410:	51 e0       	ldi	r21, 0x01	; 1
    2412:	5d 83       	std	Y+5, r21	; 0x05
    2414:	03 c0       	rjmp	.+6      	; 0x241c <GPIO_readPin+0x126>
					}
					    else
			    	{
						return LOGIC_LOW ;
    2416:	1d 82       	std	Y+5, r1	; 0x05
    2418:	01 c0       	rjmp	.+2      	; 0x241c <GPIO_readPin+0x126>
					}
					break;
				}
			}
	return LOGIC_LOW;
    241a:	1d 82       	std	Y+5, r1	; 0x05
    241c:	8d 81       	ldd	r24, Y+5	; 0x05


}
    241e:	0f 90       	pop	r0
    2420:	0f 90       	pop	r0
    2422:	0f 90       	pop	r0
    2424:	0f 90       	pop	r0
    2426:	0f 90       	pop	r0
    2428:	cf 91       	pop	r28
    242a:	df 91       	pop	r29
    242c:	08 95       	ret

0000242e <GPIO_setupPortDirection>:
 * If the direction value is PORT_INPUT all pins in this port should be input pins.
 * If the direction value is PORT_OUTPUT all pins in this port should be output pins.
 * If the input port number is not correct, The function will not handle the request.
 */
void GPIO_setupPortDirection(uint8 port_num, GPIO_PortDirectionType direction)
{
    242e:	df 93       	push	r29
    2430:	cf 93       	push	r28
    2432:	00 d0       	rcall	.+0      	; 0x2434 <GPIO_setupPortDirection+0x6>
    2434:	00 d0       	rcall	.+0      	; 0x2436 <GPIO_setupPortDirection+0x8>
    2436:	cd b7       	in	r28, 0x3d	; 61
    2438:	de b7       	in	r29, 0x3e	; 62
    243a:	89 83       	std	Y+1, r24	; 0x01
    243c:	6a 83       	std	Y+2, r22	; 0x02
	/*
	 * Check if the input number is greater than NUM_OF_PORTS value.
	 * In this case the input is not valid port number
	 */
	if(port_num >= NUM_OF_PORTS)
    243e:	89 81       	ldd	r24, Y+1	; 0x01
    2440:	84 30       	cpi	r24, 0x04	; 4
    2442:	90 f5       	brcc	.+100    	; 0x24a8 <GPIO_setupPortDirection+0x7a>
		/* Do Nothing */
	}
	else
	{
		/* Setup the port direction as required */
		switch(port_num)
    2444:	89 81       	ldd	r24, Y+1	; 0x01
    2446:	28 2f       	mov	r18, r24
    2448:	30 e0       	ldi	r19, 0x00	; 0
    244a:	3c 83       	std	Y+4, r19	; 0x04
    244c:	2b 83       	std	Y+3, r18	; 0x03
    244e:	8b 81       	ldd	r24, Y+3	; 0x03
    2450:	9c 81       	ldd	r25, Y+4	; 0x04
    2452:	81 30       	cpi	r24, 0x01	; 1
    2454:	91 05       	cpc	r25, r1
    2456:	d1 f0       	breq	.+52     	; 0x248c <GPIO_setupPortDirection+0x5e>
    2458:	2b 81       	ldd	r18, Y+3	; 0x03
    245a:	3c 81       	ldd	r19, Y+4	; 0x04
    245c:	22 30       	cpi	r18, 0x02	; 2
    245e:	31 05       	cpc	r19, r1
    2460:	2c f4       	brge	.+10     	; 0x246c <GPIO_setupPortDirection+0x3e>
    2462:	8b 81       	ldd	r24, Y+3	; 0x03
    2464:	9c 81       	ldd	r25, Y+4	; 0x04
    2466:	00 97       	sbiw	r24, 0x00	; 0
    2468:	61 f0       	breq	.+24     	; 0x2482 <GPIO_setupPortDirection+0x54>
    246a:	1e c0       	rjmp	.+60     	; 0x24a8 <GPIO_setupPortDirection+0x7a>
    246c:	2b 81       	ldd	r18, Y+3	; 0x03
    246e:	3c 81       	ldd	r19, Y+4	; 0x04
    2470:	22 30       	cpi	r18, 0x02	; 2
    2472:	31 05       	cpc	r19, r1
    2474:	81 f0       	breq	.+32     	; 0x2496 <GPIO_setupPortDirection+0x68>
    2476:	8b 81       	ldd	r24, Y+3	; 0x03
    2478:	9c 81       	ldd	r25, Y+4	; 0x04
    247a:	83 30       	cpi	r24, 0x03	; 3
    247c:	91 05       	cpc	r25, r1
    247e:	81 f0       	breq	.+32     	; 0x24a0 <GPIO_setupPortDirection+0x72>
    2480:	13 c0       	rjmp	.+38     	; 0x24a8 <GPIO_setupPortDirection+0x7a>
		{
		case PORTA_ID:
			DDRA = direction;
    2482:	ea e3       	ldi	r30, 0x3A	; 58
    2484:	f0 e0       	ldi	r31, 0x00	; 0
    2486:	8a 81       	ldd	r24, Y+2	; 0x02
    2488:	80 83       	st	Z, r24
    248a:	0e c0       	rjmp	.+28     	; 0x24a8 <GPIO_setupPortDirection+0x7a>
			break;
		case PORTB_ID:
			DDRB = direction;
    248c:	e7 e3       	ldi	r30, 0x37	; 55
    248e:	f0 e0       	ldi	r31, 0x00	; 0
    2490:	8a 81       	ldd	r24, Y+2	; 0x02
    2492:	80 83       	st	Z, r24
    2494:	09 c0       	rjmp	.+18     	; 0x24a8 <GPIO_setupPortDirection+0x7a>
			break;
		case PORTC_ID:
			DDRC = direction;
    2496:	e4 e3       	ldi	r30, 0x34	; 52
    2498:	f0 e0       	ldi	r31, 0x00	; 0
    249a:	8a 81       	ldd	r24, Y+2	; 0x02
    249c:	80 83       	st	Z, r24
    249e:	04 c0       	rjmp	.+8      	; 0x24a8 <GPIO_setupPortDirection+0x7a>
			break;
		case PORTD_ID:
			DDRD = direction;
    24a0:	e1 e3       	ldi	r30, 0x31	; 49
    24a2:	f0 e0       	ldi	r31, 0x00	; 0
    24a4:	8a 81       	ldd	r24, Y+2	; 0x02
    24a6:	80 83       	st	Z, r24
			break;
		}
	}
}
    24a8:	0f 90       	pop	r0
    24aa:	0f 90       	pop	r0
    24ac:	0f 90       	pop	r0
    24ae:	0f 90       	pop	r0
    24b0:	cf 91       	pop	r28
    24b2:	df 91       	pop	r29
    24b4:	08 95       	ret

000024b6 <GPIO_writePort>:
 * If any pin in the port is output pin the value will be written.
 * If any pin in the port is input pin this will activate/deactivate the internal pull-up resistor.
 * If the input port number is not correct, The function will not handle the request.
 */
void GPIO_writePort(uint8 port_num, uint8 value)
{
    24b6:	df 93       	push	r29
    24b8:	cf 93       	push	r28
    24ba:	00 d0       	rcall	.+0      	; 0x24bc <GPIO_writePort+0x6>
    24bc:	00 d0       	rcall	.+0      	; 0x24be <GPIO_writePort+0x8>
    24be:	cd b7       	in	r28, 0x3d	; 61
    24c0:	de b7       	in	r29, 0x3e	; 62
    24c2:	89 83       	std	Y+1, r24	; 0x01
    24c4:	6a 83       	std	Y+2, r22	; 0x02
	if(port_num >= NUM_OF_PORTS)
    24c6:	89 81       	ldd	r24, Y+1	; 0x01
    24c8:	84 30       	cpi	r24, 0x04	; 4
    24ca:	90 f5       	brcc	.+100    	; 0x2530 <GPIO_writePort+0x7a>
		{
			/* Do Nothing */
		}
		else
		{
			switch(port_num)
    24cc:	89 81       	ldd	r24, Y+1	; 0x01
    24ce:	28 2f       	mov	r18, r24
    24d0:	30 e0       	ldi	r19, 0x00	; 0
    24d2:	3c 83       	std	Y+4, r19	; 0x04
    24d4:	2b 83       	std	Y+3, r18	; 0x03
    24d6:	8b 81       	ldd	r24, Y+3	; 0x03
    24d8:	9c 81       	ldd	r25, Y+4	; 0x04
    24da:	81 30       	cpi	r24, 0x01	; 1
    24dc:	91 05       	cpc	r25, r1
    24de:	d1 f0       	breq	.+52     	; 0x2514 <GPIO_writePort+0x5e>
    24e0:	2b 81       	ldd	r18, Y+3	; 0x03
    24e2:	3c 81       	ldd	r19, Y+4	; 0x04
    24e4:	22 30       	cpi	r18, 0x02	; 2
    24e6:	31 05       	cpc	r19, r1
    24e8:	2c f4       	brge	.+10     	; 0x24f4 <GPIO_writePort+0x3e>
    24ea:	8b 81       	ldd	r24, Y+3	; 0x03
    24ec:	9c 81       	ldd	r25, Y+4	; 0x04
    24ee:	00 97       	sbiw	r24, 0x00	; 0
    24f0:	61 f0       	breq	.+24     	; 0x250a <GPIO_writePort+0x54>
    24f2:	1e c0       	rjmp	.+60     	; 0x2530 <GPIO_writePort+0x7a>
    24f4:	2b 81       	ldd	r18, Y+3	; 0x03
    24f6:	3c 81       	ldd	r19, Y+4	; 0x04
    24f8:	22 30       	cpi	r18, 0x02	; 2
    24fa:	31 05       	cpc	r19, r1
    24fc:	81 f0       	breq	.+32     	; 0x251e <GPIO_writePort+0x68>
    24fe:	8b 81       	ldd	r24, Y+3	; 0x03
    2500:	9c 81       	ldd	r25, Y+4	; 0x04
    2502:	83 30       	cpi	r24, 0x03	; 3
    2504:	91 05       	cpc	r25, r1
    2506:	81 f0       	breq	.+32     	; 0x2528 <GPIO_writePort+0x72>
    2508:	13 c0       	rjmp	.+38     	; 0x2530 <GPIO_writePort+0x7a>
			{
			case PORTA_ID:
				PORTA=value;
    250a:	eb e3       	ldi	r30, 0x3B	; 59
    250c:	f0 e0       	ldi	r31, 0x00	; 0
    250e:	8a 81       	ldd	r24, Y+2	; 0x02
    2510:	80 83       	st	Z, r24
    2512:	0e c0       	rjmp	.+28     	; 0x2530 <GPIO_writePort+0x7a>
				break;
			case PORTB_ID:
				PORTB=value;
    2514:	e8 e3       	ldi	r30, 0x38	; 56
    2516:	f0 e0       	ldi	r31, 0x00	; 0
    2518:	8a 81       	ldd	r24, Y+2	; 0x02
    251a:	80 83       	st	Z, r24
    251c:	09 c0       	rjmp	.+18     	; 0x2530 <GPIO_writePort+0x7a>
				break;
			case PORTC_ID:
				PORTC=value;
    251e:	e5 e3       	ldi	r30, 0x35	; 53
    2520:	f0 e0       	ldi	r31, 0x00	; 0
    2522:	8a 81       	ldd	r24, Y+2	; 0x02
    2524:	80 83       	st	Z, r24
    2526:	04 c0       	rjmp	.+8      	; 0x2530 <GPIO_writePort+0x7a>
				break;
			case PORTD_ID:
				PORTD=value;
    2528:	e2 e3       	ldi	r30, 0x32	; 50
    252a:	f0 e0       	ldi	r31, 0x00	; 0
    252c:	8a 81       	ldd	r24, Y+2	; 0x02
    252e:	80 83       	st	Z, r24
				break;

			}
		}

}
    2530:	0f 90       	pop	r0
    2532:	0f 90       	pop	r0
    2534:	0f 90       	pop	r0
    2536:	0f 90       	pop	r0
    2538:	cf 91       	pop	r28
    253a:	df 91       	pop	r29
    253c:	08 95       	ret

0000253e <GPIO_readPort>:
 * Description :
 * Read and return the value of the required port.
 * If the input port number is not correct, The function will return ZERO value.
 */
uint8 GPIO_readPort(uint8 port_num)
{
    253e:	df 93       	push	r29
    2540:	cf 93       	push	r28
    2542:	00 d0       	rcall	.+0      	; 0x2544 <GPIO_readPort+0x6>
    2544:	00 d0       	rcall	.+0      	; 0x2546 <GPIO_readPort+0x8>
    2546:	cd b7       	in	r28, 0x3d	; 61
    2548:	de b7       	in	r29, 0x3e	; 62
    254a:	89 83       	std	Y+1, r24	; 0x01
	if(port_num >= NUM_OF_PORTS)
    254c:	89 81       	ldd	r24, Y+1	; 0x01
    254e:	84 30       	cpi	r24, 0x04	; 4
    2550:	10 f0       	brcs	.+4      	; 0x2556 <GPIO_readPort+0x18>
			{
				/* Do Nothing */
		return LOGIC_LOW;
    2552:	1c 82       	std	Y+4, r1	; 0x04
    2554:	34 c0       	rjmp	.+104    	; 0x25be <GPIO_readPort+0x80>
			}
			else
			{
				switch(port_num)
    2556:	89 81       	ldd	r24, Y+1	; 0x01
    2558:	28 2f       	mov	r18, r24
    255a:	30 e0       	ldi	r19, 0x00	; 0
    255c:	3b 83       	std	Y+3, r19	; 0x03
    255e:	2a 83       	std	Y+2, r18	; 0x02
    2560:	8a 81       	ldd	r24, Y+2	; 0x02
    2562:	9b 81       	ldd	r25, Y+3	; 0x03
    2564:	81 30       	cpi	r24, 0x01	; 1
    2566:	91 05       	cpc	r25, r1
    2568:	d1 f0       	breq	.+52     	; 0x259e <GPIO_readPort+0x60>
    256a:	2a 81       	ldd	r18, Y+2	; 0x02
    256c:	3b 81       	ldd	r19, Y+3	; 0x03
    256e:	22 30       	cpi	r18, 0x02	; 2
    2570:	31 05       	cpc	r19, r1
    2572:	2c f4       	brge	.+10     	; 0x257e <GPIO_readPort+0x40>
    2574:	8a 81       	ldd	r24, Y+2	; 0x02
    2576:	9b 81       	ldd	r25, Y+3	; 0x03
    2578:	00 97       	sbiw	r24, 0x00	; 0
    257a:	61 f0       	breq	.+24     	; 0x2594 <GPIO_readPort+0x56>
    257c:	1f c0       	rjmp	.+62     	; 0x25bc <GPIO_readPort+0x7e>
    257e:	2a 81       	ldd	r18, Y+2	; 0x02
    2580:	3b 81       	ldd	r19, Y+3	; 0x03
    2582:	22 30       	cpi	r18, 0x02	; 2
    2584:	31 05       	cpc	r19, r1
    2586:	81 f0       	breq	.+32     	; 0x25a8 <GPIO_readPort+0x6a>
    2588:	8a 81       	ldd	r24, Y+2	; 0x02
    258a:	9b 81       	ldd	r25, Y+3	; 0x03
    258c:	83 30       	cpi	r24, 0x03	; 3
    258e:	91 05       	cpc	r25, r1
    2590:	81 f0       	breq	.+32     	; 0x25b2 <GPIO_readPort+0x74>
    2592:	14 c0       	rjmp	.+40     	; 0x25bc <GPIO_readPort+0x7e>
				{
				case PORTA_ID:
					return PINA;
    2594:	e9 e3       	ldi	r30, 0x39	; 57
    2596:	f0 e0       	ldi	r31, 0x00	; 0
    2598:	90 81       	ld	r25, Z
    259a:	9c 83       	std	Y+4, r25	; 0x04
    259c:	10 c0       	rjmp	.+32     	; 0x25be <GPIO_readPort+0x80>
					break;
				case PORTB_ID:
					return PINB;
    259e:	e6 e3       	ldi	r30, 0x36	; 54
    25a0:	f0 e0       	ldi	r31, 0x00	; 0
    25a2:	20 81       	ld	r18, Z
    25a4:	2c 83       	std	Y+4, r18	; 0x04
    25a6:	0b c0       	rjmp	.+22     	; 0x25be <GPIO_readPort+0x80>
					break;
				case PORTC_ID:
					return PINC;
    25a8:	e3 e3       	ldi	r30, 0x33	; 51
    25aa:	f0 e0       	ldi	r31, 0x00	; 0
    25ac:	30 81       	ld	r19, Z
    25ae:	3c 83       	std	Y+4, r19	; 0x04
    25b0:	06 c0       	rjmp	.+12     	; 0x25be <GPIO_readPort+0x80>
					break;
				case PORTD_ID:
					return PIND;
    25b2:	e0 e3       	ldi	r30, 0x30	; 48
    25b4:	f0 e0       	ldi	r31, 0x00	; 0
    25b6:	80 81       	ld	r24, Z
    25b8:	8c 83       	std	Y+4, r24	; 0x04
    25ba:	01 c0       	rjmp	.+2      	; 0x25be <GPIO_readPort+0x80>
					break;

				}
			}
	return 0 ;
    25bc:	1c 82       	std	Y+4, r1	; 0x04
    25be:	8c 81       	ldd	r24, Y+4	; 0x04
}
    25c0:	0f 90       	pop	r0
    25c2:	0f 90       	pop	r0
    25c4:	0f 90       	pop	r0
    25c6:	0f 90       	pop	r0
    25c8:	cf 91       	pop	r28
    25ca:	df 91       	pop	r29
    25cc:	08 95       	ret

000025ce <LM35_getTemperature>:
/*
 * Description :
 * Function responsible for calculate the temperature from the ADC digital value.
 */
uint8 LM35_getTemperature(void)
{
    25ce:	df 93       	push	r29
    25d0:	cf 93       	push	r28
    25d2:	00 d0       	rcall	.+0      	; 0x25d4 <LM35_getTemperature+0x6>
    25d4:	0f 92       	push	r0
    25d6:	cd b7       	in	r28, 0x3d	; 61
    25d8:	de b7       	in	r29, 0x3e	; 62
	uint8 temp_value = 0;
    25da:	1b 82       	std	Y+3, r1	; 0x03

	uint16 adc_value = 0;
    25dc:	1a 82       	std	Y+2, r1	; 0x02
    25de:	19 82       	std	Y+1, r1	; 0x01

	/* Read ADC channel where the temperature sensor is connected */
	adc_value = ADC_readChannel(SENSOR_CHANNEL_ID);
    25e0:	81 e0       	ldi	r24, 0x01	; 1
    25e2:	0e 94 56 07 	call	0xeac	; 0xeac <ADC_readChannel>
    25e6:	9a 83       	std	Y+2, r25	; 0x02
    25e8:	89 83       	std	Y+1, r24	; 0x01

	/* Calculate the temperature from the ADC value*/
	temp_value = (uint8)(((uint32)adc_value*SENSOR_MAX_TEMPERATURE*ADC_REF_VOLT_VALUE)/(ADC_MAXIMUM_VALUE*SENSOR_MAX_VOLT_VALUE));
    25ea:	89 81       	ldd	r24, Y+1	; 0x01
    25ec:	9a 81       	ldd	r25, Y+2	; 0x02
    25ee:	cc 01       	movw	r24, r24
    25f0:	a0 e0       	ldi	r26, 0x00	; 0
    25f2:	b0 e0       	ldi	r27, 0x00	; 0
    25f4:	26 e9       	ldi	r18, 0x96	; 150
    25f6:	30 e0       	ldi	r19, 0x00	; 0
    25f8:	40 e0       	ldi	r20, 0x00	; 0
    25fa:	50 e0       	ldi	r21, 0x00	; 0
    25fc:	bc 01       	movw	r22, r24
    25fe:	cd 01       	movw	r24, r26
    2600:	0e 94 2c 13 	call	0x2658	; 0x2658 <__mulsi3>
    2604:	dc 01       	movw	r26, r24
    2606:	cb 01       	movw	r24, r22
    2608:	bc 01       	movw	r22, r24
    260a:	cd 01       	movw	r24, r26
    260c:	0e 94 a9 04 	call	0x952	; 0x952 <__floatunsisf>
    2610:	dc 01       	movw	r26, r24
    2612:	cb 01       	movw	r24, r22
    2614:	bc 01       	movw	r22, r24
    2616:	cd 01       	movw	r24, r26
    2618:	2a e0       	ldi	r18, 0x0A	; 10
    261a:	37 ed       	ldi	r19, 0xD7	; 215
    261c:	43 e2       	ldi	r20, 0x23	; 35
    261e:	50 e4       	ldi	r21, 0x40	; 64
    2620:	0e 94 1f 02 	call	0x43e	; 0x43e <__mulsf3>
    2624:	dc 01       	movw	r26, r24
    2626:	cb 01       	movw	r24, r22
    2628:	bc 01       	movw	r22, r24
    262a:	cd 01       	movw	r24, r26
    262c:	20 e0       	ldi	r18, 0x00	; 0
    262e:	30 ed       	ldi	r19, 0xD0	; 208
    2630:	4f eb       	ldi	r20, 0xBF	; 191
    2632:	54 e4       	ldi	r21, 0x44	; 68
    2634:	0e 94 19 03 	call	0x632	; 0x632 <__divsf3>
    2638:	dc 01       	movw	r26, r24
    263a:	cb 01       	movw	r24, r22
    263c:	bc 01       	movw	r22, r24
    263e:	cd 01       	movw	r24, r26
    2640:	0e 94 49 00 	call	0x92	; 0x92 <__fixunssfsi>
    2644:	dc 01       	movw	r26, r24
    2646:	cb 01       	movw	r24, r22
    2648:	8b 83       	std	Y+3, r24	; 0x03

	return temp_value;
    264a:	8b 81       	ldd	r24, Y+3	; 0x03
}
    264c:	0f 90       	pop	r0
    264e:	0f 90       	pop	r0
    2650:	0f 90       	pop	r0
    2652:	cf 91       	pop	r28
    2654:	df 91       	pop	r29
    2656:	08 95       	ret

00002658 <__mulsi3>:
    2658:	62 9f       	mul	r22, r18
    265a:	d0 01       	movw	r26, r0
    265c:	73 9f       	mul	r23, r19
    265e:	f0 01       	movw	r30, r0
    2660:	82 9f       	mul	r24, r18
    2662:	e0 0d       	add	r30, r0
    2664:	f1 1d       	adc	r31, r1
    2666:	64 9f       	mul	r22, r20
    2668:	e0 0d       	add	r30, r0
    266a:	f1 1d       	adc	r31, r1
    266c:	92 9f       	mul	r25, r18
    266e:	f0 0d       	add	r31, r0
    2670:	83 9f       	mul	r24, r19
    2672:	f0 0d       	add	r31, r0
    2674:	74 9f       	mul	r23, r20
    2676:	f0 0d       	add	r31, r0
    2678:	65 9f       	mul	r22, r21
    267a:	f0 0d       	add	r31, r0
    267c:	99 27       	eor	r25, r25
    267e:	72 9f       	mul	r23, r18
    2680:	b0 0d       	add	r27, r0
    2682:	e1 1d       	adc	r30, r1
    2684:	f9 1f       	adc	r31, r25
    2686:	63 9f       	mul	r22, r19
    2688:	b0 0d       	add	r27, r0
    268a:	e1 1d       	adc	r30, r1
    268c:	f9 1f       	adc	r31, r25
    268e:	bd 01       	movw	r22, r26
    2690:	cf 01       	movw	r24, r30
    2692:	11 24       	eor	r1, r1
    2694:	08 95       	ret

00002696 <__udivmodhi4>:
    2696:	aa 1b       	sub	r26, r26
    2698:	bb 1b       	sub	r27, r27
    269a:	51 e1       	ldi	r21, 0x11	; 17
    269c:	07 c0       	rjmp	.+14     	; 0x26ac <__udivmodhi4_ep>

0000269e <__udivmodhi4_loop>:
    269e:	aa 1f       	adc	r26, r26
    26a0:	bb 1f       	adc	r27, r27
    26a2:	a6 17       	cp	r26, r22
    26a4:	b7 07       	cpc	r27, r23
    26a6:	10 f0       	brcs	.+4      	; 0x26ac <__udivmodhi4_ep>
    26a8:	a6 1b       	sub	r26, r22
    26aa:	b7 0b       	sbc	r27, r23

000026ac <__udivmodhi4_ep>:
    26ac:	88 1f       	adc	r24, r24
    26ae:	99 1f       	adc	r25, r25
    26b0:	5a 95       	dec	r21
    26b2:	a9 f7       	brne	.-22     	; 0x269e <__udivmodhi4_loop>
    26b4:	80 95       	com	r24
    26b6:	90 95       	com	r25
    26b8:	bc 01       	movw	r22, r24
    26ba:	cd 01       	movw	r24, r26
    26bc:	08 95       	ret

000026be <__prologue_saves__>:
    26be:	2f 92       	push	r2
    26c0:	3f 92       	push	r3
    26c2:	4f 92       	push	r4
    26c4:	5f 92       	push	r5
    26c6:	6f 92       	push	r6
    26c8:	7f 92       	push	r7
    26ca:	8f 92       	push	r8
    26cc:	9f 92       	push	r9
    26ce:	af 92       	push	r10
    26d0:	bf 92       	push	r11
    26d2:	cf 92       	push	r12
    26d4:	df 92       	push	r13
    26d6:	ef 92       	push	r14
    26d8:	ff 92       	push	r15
    26da:	0f 93       	push	r16
    26dc:	1f 93       	push	r17
    26de:	cf 93       	push	r28
    26e0:	df 93       	push	r29
    26e2:	cd b7       	in	r28, 0x3d	; 61
    26e4:	de b7       	in	r29, 0x3e	; 62
    26e6:	ca 1b       	sub	r28, r26
    26e8:	db 0b       	sbc	r29, r27
    26ea:	0f b6       	in	r0, 0x3f	; 63
    26ec:	f8 94       	cli
    26ee:	de bf       	out	0x3e, r29	; 62
    26f0:	0f be       	out	0x3f, r0	; 63
    26f2:	cd bf       	out	0x3d, r28	; 61
    26f4:	09 94       	ijmp

000026f6 <__epilogue_restores__>:
    26f6:	2a 88       	ldd	r2, Y+18	; 0x12
    26f8:	39 88       	ldd	r3, Y+17	; 0x11
    26fa:	48 88       	ldd	r4, Y+16	; 0x10
    26fc:	5f 84       	ldd	r5, Y+15	; 0x0f
    26fe:	6e 84       	ldd	r6, Y+14	; 0x0e
    2700:	7d 84       	ldd	r7, Y+13	; 0x0d
    2702:	8c 84       	ldd	r8, Y+12	; 0x0c
    2704:	9b 84       	ldd	r9, Y+11	; 0x0b
    2706:	aa 84       	ldd	r10, Y+10	; 0x0a
    2708:	b9 84       	ldd	r11, Y+9	; 0x09
    270a:	c8 84       	ldd	r12, Y+8	; 0x08
    270c:	df 80       	ldd	r13, Y+7	; 0x07
    270e:	ee 80       	ldd	r14, Y+6	; 0x06
    2710:	fd 80       	ldd	r15, Y+5	; 0x05
    2712:	0c 81       	ldd	r16, Y+4	; 0x04
    2714:	1b 81       	ldd	r17, Y+3	; 0x03
    2716:	aa 81       	ldd	r26, Y+2	; 0x02
    2718:	b9 81       	ldd	r27, Y+1	; 0x01
    271a:	ce 0f       	add	r28, r30
    271c:	d1 1d       	adc	r29, r1
    271e:	0f b6       	in	r0, 0x3f	; 63
    2720:	f8 94       	cli
    2722:	de bf       	out	0x3e, r29	; 62
    2724:	0f be       	out	0x3f, r0	; 63
    2726:	cd bf       	out	0x3d, r28	; 61
    2728:	ed 01       	movw	r28, r26
    272a:	08 95       	ret

0000272c <itoa>:
    272c:	fb 01       	movw	r30, r22
    272e:	9f 01       	movw	r18, r30
    2730:	e8 94       	clt
    2732:	42 30       	cpi	r20, 0x02	; 2
    2734:	c4 f0       	brlt	.+48     	; 0x2766 <itoa+0x3a>
    2736:	45 32       	cpi	r20, 0x25	; 37
    2738:	b4 f4       	brge	.+44     	; 0x2766 <itoa+0x3a>
    273a:	4a 30       	cpi	r20, 0x0A	; 10
    273c:	29 f4       	brne	.+10     	; 0x2748 <itoa+0x1c>
    273e:	97 fb       	bst	r25, 7
    2740:	1e f4       	brtc	.+6      	; 0x2748 <itoa+0x1c>
    2742:	90 95       	com	r25
    2744:	81 95       	neg	r24
    2746:	9f 4f       	sbci	r25, 0xFF	; 255
    2748:	64 2f       	mov	r22, r20
    274a:	77 27       	eor	r23, r23
    274c:	0e 94 4b 13 	call	0x2696	; 0x2696 <__udivmodhi4>
    2750:	80 5d       	subi	r24, 0xD0	; 208
    2752:	8a 33       	cpi	r24, 0x3A	; 58
    2754:	0c f0       	brlt	.+2      	; 0x2758 <itoa+0x2c>
    2756:	89 5d       	subi	r24, 0xD9	; 217
    2758:	81 93       	st	Z+, r24
    275a:	cb 01       	movw	r24, r22
    275c:	00 97       	sbiw	r24, 0x00	; 0
    275e:	a1 f7       	brne	.-24     	; 0x2748 <itoa+0x1c>
    2760:	16 f4       	brtc	.+4      	; 0x2766 <itoa+0x3a>
    2762:	5d e2       	ldi	r21, 0x2D	; 45
    2764:	51 93       	st	Z+, r21
    2766:	10 82       	st	Z, r1
    2768:	c9 01       	movw	r24, r18
    276a:	0c 94 b7 13 	jmp	0x276e	; 0x276e <strrev>

0000276e <strrev>:
    276e:	dc 01       	movw	r26, r24
    2770:	fc 01       	movw	r30, r24
    2772:	67 2f       	mov	r22, r23
    2774:	71 91       	ld	r23, Z+
    2776:	77 23       	and	r23, r23
    2778:	e1 f7       	brne	.-8      	; 0x2772 <strrev+0x4>
    277a:	32 97       	sbiw	r30, 0x02	; 2
    277c:	04 c0       	rjmp	.+8      	; 0x2786 <strrev+0x18>
    277e:	7c 91       	ld	r23, X
    2780:	6d 93       	st	X+, r22
    2782:	70 83       	st	Z, r23
    2784:	62 91       	ld	r22, -Z
    2786:	ae 17       	cp	r26, r30
    2788:	bf 07       	cpc	r27, r31
    278a:	c8 f3       	brcs	.-14     	; 0x277e <strrev+0x10>
    278c:	08 95       	ret

0000278e <_exit>:
    278e:	f8 94       	cli

00002790 <__stop_program>:
    2790:	ff cf       	rjmp	.-2      	; 0x2790 <__stop_program>
